id_amat;municipio;id_sottonil;id_nil;nome_nil;cerchia;ambito_id;ambito_nome;attuazione;tipologia;titolare;id_via;nome_via;localita;numero_col;numero_pdr;infra;progetto;note;ordinanza;anno;LONG_X_4326;LAT_Y_4326;Location
"13";"1";"35";"1";DUOMO;BASTIONI;"1";Centro storico;"4";QN;A2A Energy Solutions;"318";VIA LARGA;VIA LARGA 7;"2";"4";AC Normal;ELECTRIC CITY MOVERS - ISOLE DIGITALI - revamping;attiva_revampizzata;964/2022 965/2022;"2022";9.19357713616389;45.4621490324913;"(45.4621490324913, 9.19357713616389)"
"14";"1";"37";"7";MAGENTA - S. VITTORE;BASTIONI;"1";Centro storico;"4";Q;A2A Energy Solutions;"601";PIAZZALE LUIGI CADORNA;PIAZZALE CADORNA LUIGI 1;"3";"6";AC Normal;ELECTRIC CITY MOVERS - ISOLE DIGITALI - revamping;attiva_revampizzata;70467/2013;"2021";9.17760367245734;45.467629357113;"(45.467629357113, 9.17760367245734)"
"16";"2";"88";"10";CENTRALE;FILOVIARIA;"12";Lazzaretto - Buenos Aires;"4";QN;A2A Energy Solutions;"1200";PIAZZA DUCA D'AOSTA;PIAZZA DUCA D'AOSTA 16;"2";"4";AC Normal;ELECTRIC CITY MOVERS - ISOLE DIGITALI;attiva_revampizzata;1002/2022 1003/2022;;9.20490805319666;45.4844835706687;"(45.4844835706687, 9.20490805319666)"
"22";"3";"28";"22";CITTA' STUDI;EXTRA-FILOVIARIA;"31";Argonne;"4";N;A2A Energy Solutions;"2571";VIA PACINI GIOVANNI;VIA PACINI GIOVANNI 74;"1";"2";AC Normal;ELECTRIC CITY MOVERS - ISOLE DIGITALI;attiva_revampizzata;1065/2022 ;"2022";9.23541763461848;45.4842765276858;"(45.4842765276858, 9.23541763461848)"
"26";"6";"41";"46";BARONA;EXTRA-FILOVIARIA;"25";Abbiategrasso;"4";N;A2A Energy Solutions;"5353";VIALE FAMAGOSTA;VIALE FAMAGOSTA-Metro;"2";"4";AC Normal;ELECTRIC CITY MOVERS - ISOLE DIGITALI - revamping;attiva_revampizzata;934/2022;"2022";9.16916994362816;45.437301971912;"(45.437301971912, 9.16916994362816)"
"28";"1";"35";"1";DUOMO;BASTIONI;"1";Centro storico;"3";N;A2A Energy Solutions;"331";LARGO FRANCESCO RICHINI;LARGO RICHINI FRANCESCO 7;"1";"2";AC Normal;PROGETTO E-MOVING;attiva;594/2016;"2016";9.19284390459348;45.4592234422341;"(45.4592234422341, 9.19284390459348)"
"29";"1";"35";"1";DUOMO;BASTIONI;"1";Centro storico;"3";F;A2A Energy Solutions;"641";VIA SANTA VALERIA;VIA SANTA VALERIA 5;"1";"2";AC-DC Fast;PROGETTO E-MOVING;attiva;521/2016;"2016";9.17751245902057;45.4633000930932;"(45.4633000930932, 9.17751245902057)"
"31";"1";"33";"4";GUASTALLA;BASTIONI;"5";Romana - Vittoria;"3";N;A2A Energy Solutions;"348";CORSO MONFORTE;CORSO MONFORTE 40;"1";"2";AC Normal;PROGETTO E-MOVING;attiva;595/2016;"2016";9.20373148951774;45.4673525978868;"(45.4673525978868, 9.20373148951774)"
"32";"1";"37";"7";MAGENTA - S. VITTORE;BASTIONI;"7";Magenta - San Vittore;"3";N;A2A Energy Solutions;"6157";VIA METASTASIO;VIA METASTASIO 5;"1";"2";AC Normal;PROGETTO E-MOVING;attiva;534/2016;"2016";9.17404513505665;45.468364867932;"(45.468364867932, 9.17404513505665)"
"33";"1";"57";"3";GIARDINI PORTA VENEZIA;BASTIONI;"4";Venezia;"3";F;A2A Energy Solutions;"1052";VIA DANIELE MANIN;VIA MANIN DANIELE 37;"1";"2";AC-DC Fast;PROGETTO E-MOVING;attiva;759/2016;"2016";9.19832077590361;45.4769937197823;"(45.4769937197823, 9.19832077590361)"
"34";"1";"35";"1";DUOMO;BASTIONI;"1";Centro storico;"3";N;A2A Energy Solutions;"197";LARGO RAFFAELE MATTIOLI;LARGO MATTIOLI RAFFAELE 3;"1";"2";AC Normal;PROGETTO E-MOVING;attiva;535/2016;"2016";9.19163895056757;45.4669652505341;"(45.4669652505341, 9.19163895056757)"
"35";"1";"33";"4";GUASTALLA;BASTIONI;"5";Romana - Vittoria;"3";N;A2A Energy Solutions;"3014";VIA FREGUGLIA CARLO;VIA FREGUGLIA CARLO 2;"1";"2";AC Normal;PROGETTO E-MOVING;attiva;10/2019;"2019";9.20038291992955;45.4619270367049;"(45.4619270367049, 9.20038291992955)"
"36";"1";"33";"4";GUASTALLA;BASTIONI;"5";Romana - Vittoria;"3";F;A2A Energy Solutions;"3014";VIA FREGUGLIA CARLO;VIA FREGUGLIA CARLO 2;"1";"2";AC-DC Fast;PROGETTO E-MOVING;attiva;10/2019;"2019";9.20038291992955;45.4619270367049;"(45.4619270367049, 9.20038291992955)"
"37";"1";"35";"1";DUOMO;BASTIONI;"1";Centro storico;"3";N;A2A Energy Solutions;"628";PIAZZA EDISON TOMMASO ;PIAZZA EDISON TOMMASO 4;"1";"2";AC Normal;PROGETTO E-MOVING;attiva;599/2016;"2016";9.18445818622094;45.4644608417621;"(45.4644608417621, 9.18445818622094)"
"38";"1";"35";"1";DUOMO;BASTIONI;"1";Centro storico;"3";N;A2A Energy Solutions;"620";VIA SANTA MARIA ALLA PORTA;VIA SANTA MARIA ALLA PORTA 11;"1";"2";AC Normal;PROGETTO E-MOVING;attiva;694/2016;"2016";9.18079527779132;45.4654584216266;"(45.4654584216266, 9.18079527779132)"
"41";"2";"71";"11";ISOLA;FILOVIARIA;"11";Sondrio;"3";F;A2A Energy Solutions;"1164";VIA TARAMELLI TORQUATO;VIA TARAMELLI TORQUATO 2-VIA Pola;"1";"2";AC-DC Fast;PROGETTO E-MOVING;attiva;402/2016;"2016";9.19302595669554;45.4893716198754;"(45.4893716198754, 9.19302595669554)"
"42";"3";"28";"22";CITTA' STUDI;EXTRA-FILOVIARIA;"31";Argonne;"3";F;A2A Energy Solutions;"2208";PIAZZA LEONARDO DA VINCI;PIAZZA LEONARDO DA VINCI-VIA Ampere;"1";"2";AC-DC Fast;PROGETTO E-MOVING;attiva;519/2016;"2016";9.22634197053648;45.4793915365607;"(45.4793915365607, 9.22634197053648)"
"43";"3";"86";"21";BUENOS AIRES - VENEZIA;FILOVIARIA;"14";Piave - Bixio;"3";F;A2A Energy Solutions;"3118";CORSO INDIPENDENZA;CORSO INDIPENDENZA 23;"1";"2";AC-DC Fast;PROGETTO E-MOVING;attiva;403/2016;"2016";9.21549458794398;45.4683035908343;"(45.4683035908343, 9.21549458794398)"
"44";"3";"28";"22";CITTA' STUDI;EXTRA-FILOVIARIA;"31";Argonne;"3";N;A2A Energy Solutions;"2571";VIA PACINI GIOVANNI;VIA PACINI GIOVANNI 72;"1";"2";AC Normal;PROGETTO E-MOVING;attiva_revoca_1307/2016;1088/2022;"2022";9.23528995608771;45.4842321329447;"(45.4842321329447, 9.23528995608771)"
"45";"4";"78";"27";PORTA ROMANA;FILOVIARIA;"16";Libia;"3";F;A2A Energy Solutions;"4068";CORSO LODI;CORSO LODI 39;"1";"2";AC-DC Fast;PROGETTO E-MOVING;attiva;554/2016;"2016";9.20947625712008;45.4479438737278;"(45.4479438737278, 9.20947625712008)"
"46";"5";"89";"5";VIGENTINA;FILOVIARIA;"18";Bocconi;"3";N;A2A Energy Solutions;"4202";VIA SARFATTI ROBERTO;VIA SARFATTI ROBERTO 23;"1";"2";AC Normal;PROGETTO E-MOVING;attiva;540/2016;"2016";9.18827353746232;45.4482430551292;"(45.4482430551292, 9.18827353746232)"
"47";"6";"58";"50";TORTONA;FILOVIARIA;"20";Solari - Bergognone;"3";N;A2A Energy Solutions;"5130";VIA BERGOGNONE;VIA BERGOGNONE 47;"2";"4";AC Normal;PROGETTO E-MOVING;attiva;691/2016;"2016";9.16454276305624;45.4528026026317;"(45.4528026026317, 9.16454276305624)"
"48";"6";"59";"44";NAVIGLI;FILOVIARIA;"19";Liguria - Romolo;"3";N;A2A Energy Solutions;"5114";CORSO CRISTOFORO COLOMBO;CORSO COLOMBO CRISTOFORO 17;"1";"2";AC Normal;PROGETTO E-MOVING;attiva;617/2021;"2021";9.1706011634287;45.4537810629152;"(45.4537810629152, 9.1706011634287)"
"49";"1";"37";"7";MAGENTA - S. VITTORE;BASTIONI;"7";Magenta - San Vittore;"3";N;A2A Energy Solutions;"5103";PIAZZALE ANTONIO CANTORE;PIAZZALE CANTORE ANTONIO 2;"1";"2";AC Normal;PROGETTO E-MOVING;attiva_revoca_536/2016;235/2022;"2022";9.17368920066578;45.4561651061866;"(45.4561651061866, 9.17368920066578)"
"50";"7";"81";"68";PAGANO;FILOVIARIA;"2";Fiera;"3";N;A2A Energy Solutions;"6088";VIA DEL BURCHIELLO;VIA DEL BURCHIELLO-VIA Pagano 69;"2";"4";AC Normal;PROGETTO E-MOVING;attiva;638/2016;"2016";9.16028753268555;45.4679424935474;"(45.4679424935474, 9.16028753268555)"
"51";"8";"81";"68";PAGANO;FILOVIARIA;"2";Fiera;"3";F;A2A Energy Solutions;"6358";PIAZZA SEI FEBBRAIO;PIAZZA SEI FEBBRAIO 28;"1";"2";AC-DC Fast;PROGETTO E-MOVING;attiva;398/2016;"2016";9.1604512999911;45.4779248509335;"(45.4779248509335, 9.1604512999911)"
"52";"8";"55";"59";TRE TORRI;FILOVIARIA;"2";Fiera;"3";N;A2A Energy Solutions;"6364";VIALE BERENGARIO;VIALE BERENGARIO-PIAZZA Amendola Giovanni ;"2";"4";AC Normal;PROGETTO E-MOVING;attiva;707/2016;"2016";9.15152088038124;45.4749198056338;"(45.4749198056338, 9.15152088038124)"
"53";"9";"49";"77";BOVISA;EXTRA-FILOVIARIA;"42";Intorni Di Stazioni Della Linea Metropolitana M3 Comasina;"3";F;A2A Energy Solutions;"1466";VIA DURANDO GIOVANNI ;VIA DURANDO GIOVANNI 10;"1";"2";AC-DC Fast;PROGETTO E-MOVING;attiva;520/2016;"2016";9.164146471965;45.5043665956518;"(45.5043665956518, 9.164146471965)"
"54";"9";"82";"9";GARIBALDI REPUBBLICA;FILOVIARIA;"9";Centro Direzionale;"3";F;A2A Energy Solutions;"1108";VIA GIOIA MELCHIORRE;VIA GIOIA MELCHIORRE 35;"1";"2";AC-DC Fast;PROGETTO E-MOVING;attiva;600/2016;"2016";9.19628857780084;45.4857243206468;"(45.4857243206468, 9.19628857780084)"
"55";"9";"52";"15";BICOCCA;EXTRA-FILOVIARIA;"43";Zara - Testi;"3";F;A2A Energy Solutions;"1629";PIAZZALE EGEO;PIAZZALE EGEO-VIA Cozzi Roberto;"1";"2";AC-DC Fast;PROGETTO E-MOVING;attiva;401/2016;"2016";9.21330784596253;45.5124369134285;"(45.5124369134285, 9.21330784596253)"
"57";"5";"91";"6";TICINESE;FILOVIARIA;"19";Liguria - Romolo;"3";F;NHP;"5198";VIALE COL DI LANA;VIALE COL DI LANA 2;"1";"2";AC-DC Fast;PROGETTO HORIZON 2020 - SHARING CITIES;attiva_revoca_1736/2019;250/2020;"2020";9.18168167627251;45.4521406317237;"(45.4521406317237, 9.18168167627251)"
"58";"5";"89";"5";VIGENTINA;FILOVIARIA;"18";Bocconi;"3";F;NHP;"4050";VIA BOCCONI FERDINANDO;VIA BOCCONI FERDINANDO 28;"1";"2";AC-DC Fast;PROGETTO HORIZON 2020 - SHARING CITIES;attiva_revoca_1562/2019;252/2020;"2020";9.1907444192244;45.447837992559;"(45.447837992559, 9.1907444192244)"
"59";"4";"39";"35";LODI - CORVETTO;EXTRA-FILOVIARIA;"35";San Donato;"3";F;NHP;"4309";VIA CASSINIS GIOVANNI BATTISTA;VIA CASSINIS GIOVANNI BATTISTA 79;"1";"2";AC-DC Fast;PROGETTO HORIZON 2020 - SHARING CITIES;attiva;902/2020;"2020";9.23767014070014;45.4336920988026;"(45.4336920988026, 9.23767014070014)"
"60";"4";"78";"27";PORTA ROMANA;FILOVIARIA;"16";Libia;"3";F;NHP;"4068";CORSO LODI;CORSO LODI 5;"1";"2";AC-DC Fast;PROGETTO HORIZON 2020 - SHARING CITIES;attiva_revoca_1792/2019;803/2020;"2020";9.20379091881991;45.451342057782;"(45.451342057782, 9.20379091881991)"
"61";"6";"59";"44";NAVIGLI;FILOVIARIA;"19";Liguria - Romolo;"3";F;NHP;"5103";PIAZZALE ANTONIO CANTORE;PIAZZALE CANTORE ANTONIO 12;"1";"2";AC-DC Fast;PROGETTO HORIZON 2020 - SHARING CITIES;attiva_revoca_476/2020;236/2022;"2022";9.17293471486068;45.4556563353872;"(45.4556563353872, 9.17293471486068)"
"62";"4";"39";"35";LODI - CORVETTO;EXTRA-FILOVIARIA;"35";San Donato;"3";F;NHP;"4106";VIA SILE;VIA SILE 31;"1";"2";AC-DC Fast;PROGETTO HORIZON 2020 - SHARING CITIES;attiva_revoca_1564/2019;251/2020;"2020";9.22270801524904;45.4395421421532;"(45.4395421421532, 9.22270801524904)"
"63";"5";"17";"43";TIBALDI;EXTRA-FILOVIARIA;"25";Abbiategrasso;"3";F;NHP;"5249";PIAZZA CADUTI DEL LAVORO;PIAZZA CADUTI DEL LAVORO 5;"1";"2";AC-DC Fast;PROGETTO HORIZON 2020 - SHARING CITIES;attiva_revoca_1482/2019;891/2020;"2020";9.18553922297268;45.4434794933713;"(45.4434794933713, 9.18553922297268)"
"64";"4";"25";"28";UMBRIA - MOLISE;EXTRA-FILOVIARIA;"17";Martini;"3";F;NHP;"3220";VIA CICERI VISCONTI LAURA;VIA CICERI VISCONTI LAURA 2;"1";"2";AC-DC Fast;PROGETTO HORIZON 2020 - SHARING CITIES;attiva_revoca_1748/2019;895/2020;"2020";9.22034226183595;45.4553005608116;"(45.4553005608116, 9.22034226183595)"
"66";"8";"73";"58";DE ANGELI - MONTE ROSA;FILOVIARIA;"2";Fiera;"3";N;Sorgenia;"6427";VIA ALGARDI ALESSANDRO;VIA ALGARDI ALESSANDRO 4;"5";"10";AC Normal;PROGETTI PRIVATI PRIMA NUOVA PROCEDURA (ante 15.10.2018);attiva;269/2018;"2018";9.14535265292101;45.4836453973264;"(45.4836453973264, 9.14535265292101)"
"67";"4";"39";"35";LODI - CORVETTO;EXTRA-FILOVIARIA;"35";San Donato;"3";N;BeCharge;"4171";VIALE BACCHIGLIONE;VIALE BACCHIGLIONE 21;"1";"2";AC Normal;PROGETTI PRIVATI PRIMA NUOVA PROCEDURA (ante 15.10.2018);attiva;319/2019;"2019";9.22047022019666;45.4431341858918;"(45.4431341858918, 9.22047022019666)"
"68";"1";"33";"4";GUASTALLA;BASTIONI;"4";Venezia;"3";F;BeCharge;"2102";VIA PALESTRO;VIA PALESTRO 16;"2";"4";AC-DC Fast;PROGETTI PRIVATI NUOVA PROCEDURA (dopo 15.10.2018);attiva;1500/2019;"2019";9.20053462723581;45.472645734693;"(45.472645734693, 9.20053462723581)"
"69";"1";"34";"2";BRERA;BASTIONI;"1";Centro storico;"3";N;BeCharge;"714";VIA ARCO;VIA ARCO 1;"1";"2";AC Normal;PROGETTI PRIVATI NUOVA PROCEDURA (dopo 15.10.2018);attiva;658/2019;"2019";9.18444022513425;45.4704867420259;"(45.4704867420259, 9.18444022513425)"
"70";"2";"68";"13";GRECO;EXTRA-FILOVIARIA;"43";Zara - Testi;"3";N;BeCharge;"1457";VIA SAN RAFAEL DELLE ANDE;VIA SAN RAFAEL DELLE ANDE 8;"1";"2";AC Normal;PROGETTI PRIVATI NUOVA PROCEDURA (dopo 15.10.2018);attiva;1441/2019;"2019";9.20967741632054;45.4997494327874;"(45.4997494327874, 9.20967741632054)"
"71";"2";"87";"10";CENTRALE;EXTRA-FILOVIARIA;"43";Zara - Testi;"3";F;BeCharge;"1202";VIA SAMMARTINI GIOVANNI BATTISTA;VIA SAMMARTINI GIOVANNI BATTISTA 4-6;"1";"2";AC-DC Fast;PROGETTI PRIVATI NUOVA PROCEDURA (dopo 15.10.2018);attiva;925/2019;"2019";9.20760744136245;45.4908042586987;"(45.4908042586987, 9.20760744136245)"
"73";"3";"85";"21";BUENOS AIRES - VENEZIA;EXTRA-FILOVIARIA;"13";Buenos Aires - Bacone;"3";N;BeCharge;"2216";PIAZZALE GABRIO PIOLA;PIAZZALE PIOLA GABRIO 1;"1";"2";AC Normal;PROGETTI PRIVATI NUOVA PROCEDURA (dopo 15.10.2018);attiva;924/2019;"2019";9.22311298476399;45.479865267431;"(45.479865267431, 9.22311298476399)"
"74";"4";"78";"27";PORTA ROMANA;FILOVIARIA;"16";Libia;"3";N;BeCharge;"4069";VIA BOTTA CARLO;VIA BOTTA CARLO 32;"1";"2";AC Normal;PROGETTI PRIVATI NUOVA PROCEDURA (dopo 15.10.2018);attiva_revoca_923/2019;133/2022 ;"2022";9.20566375680325;45.4547173110668;"(45.4547173110668, 9.20566375680325)"
"76";"5";"36";"36";SCALO ROMANA;EXTRA-FILOVIARIA;;;"3";N;BeCharge;"4137";VIA OROBIA;VIA OROBIA 12;"1";"2";AC Normal;PROGETTI PRIVATI NUOVA PROCEDURA (dopo 15.10.2018);attiva;1357/2019;"2019";9.2055470138036;45.4438687893902;"(45.4438687893902, 9.2055470138036)"
"77";"6";"13";"53";LORENTEGGIO;EXTRA-FILOVIARIA;"36";Bisceglie;"3";N;BeCharge;"6664";VIA VAL BAVONA;VIA VAL BAVONA 21;"1";"2";AC Normal;PROGETTI PRIVATI NUOVA PROCEDURA (dopo 15.10.2018);attiva;1502/2019;"2019";9.12416180090202;45.4484048197438;"(45.4484048197438, 9.12416180090202)"
"78";"6";"14";"49";GIAMBELLINO;EXTRA-FILOVIARIA;"36";Bisceglie;"3";N;BeCharge;"5131";PIAZZA NAPOLI;PIAZZA NAPOLI 22;"1";"2";AC Normal;PROGETTI PRIVATI NUOVA PROCEDURA (dopo 15.10.2018);attiva;1442/2019;"2019";9.152529687557;45.453837544854;"(45.453837544854, 9.152529687557)"
"79";"8";"72";"69";SARPI;FILOVIARIA;"23";Sempione - Cenisio;"3";F;BeCharge;"7187";VIA F.LLI SALVIONI;VIA F.LLI SALVIONI 6;"1";"2";AC-DC Fast;PROGETTI PRIVATI NUOVA PROCEDURA (dopo 15.10.2018);attiva;595/2020;"2020";9.16066568177241;45.4857403763008;"(45.4857403763008, 9.16066568177241)"
"80";"9";"82";"9";GARIBALDI REPUBBLICA;FILOVIARIA;"9";Centro Direzionale;"3";N;BeCharge;"1112";VIA VIGANO' FRANCESCO;VIA VIGANO' FRANCESCO 8;"1";"2";AC Normal;PROGETTI PRIVATI NUOVA PROCEDURA (dopo 15.10.2018);attiva;1469/2019;"2019";9.18967166510033;45.4825802028036;"(45.4825802028036, 9.18967166510033)"
"81";"9";"52";"15";BICOCCA;EXTRA-FILOVIARIA;"43";Zara - Testi;"3";N;BeCharge;"1727";VIALE PIRELLI PIERO ALBERTO;VIALE PIRELLI PIERO ALBERTO 27;"1";"2";AC Normal;PROGETTI PRIVATI NUOVA PROCEDURA (dopo 15.10.2018);attiva;443/2020;"2020";9.21421179962212;45.5209004739644;"(45.5209004739644, 9.21421179962212)"
"82";"1";"35";"1";DUOMO;BASTIONI;"1";Centro storico;"3";N;ENERMIA;"324";VIA RASTRELLI;VIA RASTRELLI 2;"1";"2";AC Normal;PROGETTI PRIVATI NUOVA PROCEDURA (dopo 15.10.2018);attiva;1599/2019;"2019";9.19064692438884;45.4626172199336;"(45.4626172199336, 9.19064692438884)"
"83";"1";"34";"2";BRERA;BASTIONI;"1";Centro storico;"3";N;ENERMIA;"718";VIA PONTE VETERO;VIA PONTE VETERO 5;"1";"2";AC Normal;PROGETTI PRIVATI NUOVA PROCEDURA (dopo 15.10.2018);attiva;1501/2019;"2019";9.18519617685508;45.4692289971431;"(45.4692289971431, 9.18519617685508)"
"85";"3";"7";"18";PARCO LAMBRO - CIMIANO;EXTRA-FILOVIARIA;;;"3";F;BeCharge;"2651";PIAZZALE UDINE;PIAZZALE UDINE 1;"1";"2";AC-DC Fast;PROGETTI PRIVATI NUOVA PROCEDURA (dopo 15.10.2018);attiva;1600/2019;"2019";9.23680308494021;45.4907432510757;"(45.4907432510757, 9.23680308494021)"
"86";"9";"82";"9";GARIBALDI REPUBBLICA;FILOVIARIA;"9";Centro Direzionale;"3";N;ENNE EFFE HOTELS;"1182";VIA CORNALIA EMILIO;VIA CORNALIA EMILIO-Via Cardano Geronimo;"4";"8";AC Normal;PROGETTI PRIVATI NUOVA PROCEDURA (dopo 15.10.2018);attiva;1498/2019;"2019";9.19814479158176;45.485083941163;"(45.485083941163, 9.19814479158176)"
"87";"1";"34";"2";BRERA;BASTIONI;"3";Garibaldi;"3";N;A2A Energy Solutions;"1016";VIA DELLA MOSCOVA;VIA DELLA MOSCOVA 52;"1";"2";AC Normal;PROGETTI PRIVATI NUOVA PROCEDURA (dopo 15.10.2018);attiva_revoca_1550/2020;590/2022;"2022";9.18500299987841;45.477596201226;"(45.477596201226, 9.18500299987841)"
"88";"1";"37";"7";MAGENTA - S. VITTORE;BASTIONI;"7";Magenta - San Vittore;"3";N;A2A Energy Solutions;"5097";VIALE PAPINIANO;VIALE PAPINIANO 27;"1";"2";AC Normal;PROGETTI PRIVATI NUOVA PROCEDURA (dopo 15.10.2018);attiva;1640/2020;"2020";9.16783270214623;45.4595881074226;"(45.4595881074226, 9.16783270214623)"
"89";"1";"35";"1";DUOMO;BASTIONI;"1";Centro storico;"3";N;A2A Energy Solutions;"555";VIA CORRENTI CESARE;VIA CORRENTI CESARE 2;"1";"2";AC Normal;PROGETTI PRIVATI NUOVA PROCEDURA (dopo 15.10.2018);attiva;1548/2020;"2020";9.18079008710115;45.4601071057159;"(45.4601071057159, 9.18079008710115)"
"90";"2";"88";"10";CENTRALE;FILOVIARIA;"9";Centro Direzionale;"3";N;A2A Energy Solutions;"1195";VIA PIRELLI GIOVANNI BATTISTA;VIA PIRELLI GIOVANNI BATTISTA 9;"1";"2";AC Normal;PROGETTI PRIVATI NUOVA PROCEDURA (dopo 15.10.2018);attiva;123/2021;"2021";9.2006224122266;45.4841143018014;"(45.4841143018014, 9.2006224122266)"
"91";"2";"88";"10";CENTRALE;FILOVIARIA;"11";Sondrio;"3";N;A2A Energy Solutions;"1198";VIA TARRA GIULIO;VIA TARRA GIULIO 1;"1";"2";AC Normal;PROGETTI PRIVATI NUOVA PROCEDURA (dopo 15.10.2018);attiva;1554/2020;"2020";9.20161617375906;45.4867809163886;"(45.4867809163886, 9.20161617375906)"
"92";"2";"93";"12";MACIACHINI - MAGGIOLINA;EXTRA-FILOVIARIA;"43";Zara - Testi;"3";N;A2A Energy Solutions;"1347";PIAZZALE ISTRIA;PIAZZALE ISTRIA 4;"1";"2";AC Normal;PROGETTI PRIVATI NUOVA PROCEDURA (dopo 15.10.2018);attiva;1222/2020;"2020";9.19851672786488;45.5012203512227;"(45.5012203512227, 9.19851672786488)"
"93";"2";"94";"12";MACIACHINI - MAGGIOLINA;FILOVIARIA;"11";Sondrio;"3";N;A2A Energy Solutions;"1362";VIA MARTIGNONI ADELE;VIA MARTIGNONI ADELE 12;"1";"2";AC Normal;PROGETTI PRIVATI NUOVA PROCEDURA (dopo 15.10.2018);attiva;1049/2020;"2020";9.19671941280064;45.4933882584544;"(45.4933882584544, 9.19671941280064)"
"94";"2";"88";"10";CENTRALE;FILOVIARIA;"12";Lazzaretto - Buenos Aires;"3";N;A2A Energy Solutions;"2121";VIALE TUNISIA;VIALE TUNISIA 40;"1";"2";AC Normal;PROGETTI PRIVATI NUOVA PROCEDURA (dopo 15.10.2018);attiva_revoca_1506/2020;290/2022;"2022";9.20129419173525;45.479294692534;"(45.479294692534, 9.20129419173525)"
"95";"2";"88";"10";CENTRALE;FILOVIARIA;"12";Lazzaretto - Buenos Aires;"3";N;A2A Energy Solutions;"2136";VIA SCARLATTI DOMENICO;VIA SCARLATTI DOMENICO 32-PIAZZA Luigi di Savoia;"1";"2";AC Normal;PROGETTI PRIVATI NUOVA PROCEDURA (dopo 15.10.2018);attiva_revoca_1360/2020;764/2022;"2022";9.2062402709769;45.4845785038225;"(45.4845785038225, 9.2062402709769)"
"96";"2";"88";"10";CENTRALE;FILOVIARIA;"12";Lazzaretto - Buenos Aires;"3";N;A2A Energy Solutions;"2262";VIA SOPERGA;VIA SOPERGA 25;"1";"2";AC Normal;PROGETTI PRIVATI NUOVA PROCEDURA (dopo 15.10.2018);attiva;1551/2020;"2020";9.21027667413444;45.4886905906978;"(45.4886905906978, 9.21027667413444)"
"97";"2";"69";"20";LORETO;EXTRA-FILOVIARIA;"30";Monza;"3";N;A2A Energy Solutions;"2263";VIALE BRIANZA;VIALE BRIANZA 6;"1";"2";AC Normal;PROGETTI PRIVATI NUOVA PROCEDURA (dopo 15.10.2018);attiva_revoca_1225/2020;73/2022;"2022";9.21527989483866;45.4866734517656;"(45.4866734517656, 9.21527989483866)"
"98";"2";"69";"20";LORETO;EXTRA-FILOVIARIA;"30";Monza;"3";N;A2A Energy Solutions;"2287";VIA OXILIA NINO;VIA OXILIA NINO 1;"1";"2";AC Normal;PROGETTI PRIVATI NUOVA PROCEDURA (dopo 15.10.2018);attiva_revoca_1542/2020;660/2022;"2022";9.21615929163894;45.4928486596312;"(45.4928486596312, 9.21615929163894)"
"99";"2";"69";"20";LORETO;EXTRA-FILOVIARIA;"30";Monza;"3";N;A2A Energy Solutions;"2310";VIA GIACOSA GIUSEPPE;VIA GIACOSA GIUSEPPE 3;"1";"2";AC Normal;PROGETTI PRIVATI NUOVA PROCEDURA (dopo 15.10.2018);attiva;1226/2020;"2020";9.22296380757141;45.4914701369774;"(45.4914701369774, 9.22296380757141)"
"100";"2";"21";"19";PADOVA;EXTRA-FILOVIARIA;"30";Monza;"3";N;A2A Energy Solutions;"2322";VIA DELLA TORRE;VIA DELLA TORRE 1;"1";"2";AC Normal;PROGETTI PRIVATI NUOVA PROCEDURA (dopo 15.10.2018);attiva;1549/2020;"2020";9.22147570144721;45.5010537594212;"(45.5010537594212, 9.22147570144721)"
"101";"8";"81";"68";PAGANO;FILOVIARIA;"2";Fiera;"3";N;Route 220;"6188";VIA ALBERTO DA GIUSSANO;VIA ALBERTO DA GIUSSANO 23;"1";"2";AC Normal;PROGETTI PRIVATI NUOVA PROCEDURA (dopo 15.10.2018);attiva;1191/2020;"2020";9.16197924107638;45.4698140569358;"(45.4698140569358, 9.16197924107638)"
"108";"1";"34";"2";BRERA;BASTIONI;"3";Garibaldi;"3";N;BeCharge;"1036";VIA SAN MARCO;VIA SAN MARCO 18;"1";"2";AC Normal;PROGETTI PRIVATI NUOVA PROCEDURA (dopo 15.10.2018);attiva;442/2020;"2020";9.18844823173087;45.4750543951368;"(45.4750543951368, 9.18844823173087)"
"111";"1";"35";"1";DUOMO;BASTIONI;"1";Centro storico;"3";N;ENEL X Mobility;"655";PIAZZA QUASIMODO SALVATORE;PIAZZA QUASIMODO SALVATORE 6;"1";"2";AC Normal;PROGETTI PRIVATI NUOVA PROCEDURA (dopo 15.10.2018);attiva;1342/2021;"2021";9.18409982554149;45.4588127481421;"(45.4588127481421, 9.18409982554149)"
"112";"1";"34";"2";BRERA;BASTIONI;"1";Centro storico;"3";N;ENEL X Mobility;"712";VIA TIVOLI;VIA TIVOLI 3;"1";"2";AC Normal;PROGETTI PRIVATI NUOVA PROCEDURA (dopo 15.10.2018);attiva;1333/2021;"2021";9.18319445578912;45.4718436714928;"(45.4718436714928, 9.18319445578912)"
"114";"1";"34";"2";BRERA;BASTIONI;"3";Garibaldi;"3";N;PowerPoint City Car;"1030";VIA LOVANIO;VIA LOVANIO 3;"1";"2";AC Normal;PROGETTI PRIVATI NUOVA PROCEDURA (dopo 15.10.2018);attiva;1043/2020;"2020";9.18612214814892;45.4768806011533;"(45.4768806011533, 9.18612214814892)"
"115";"1";"34";"2";BRERA;BASTIONI;"3";Garibaldi;"3";N;PowerPoint City Car;"1055";PIAZZA DELLA REPUBBLICA;PIAZZA DELLA REPUBBLICA 3;"1";"2";AC Normal;PROGETTI PRIVATI NUOVA PROCEDURA (dopo 15.10.2018);attiva;1042/2020;"2020";9.19547841734976;45.4776694686011;"(45.4776694686011, 9.19547841734976)"
"117";"2";"88";"10";CENTRALE;FILOVIARIA;"12";Lazzaretto - Buenos Aires;"3";N;BeCharge;"2121";VIALE TUNISIA;VIALE TUNISIA 38;"1";"2";AC Normal;PROGETTI PRIVATI NUOVA PROCEDURA (dopo 15.10.2018);attiva;298/2022;"2022";9.20145492882807;45.4792213822404;"(45.4792213822404, 9.20145492882807)"
"118";"2";"88";"10";CENTRALE;FILOVIARIA;"12";Lazzaretto - Buenos Aires;"3";F;ENEL X Mobility;"2260";PIAZZA DI SAVOIA LUIGI;PIAZZA LUIGI DI SAVOIA;"1";"2";AC-DC Fast;PROGETTI PRIVATI NUOVA PROCEDURA (dopo 15.10.2018);attiva_revoca_1304/2021;763/2022;"2022";9.20699639154412;45.4865436597127;"(45.4865436597127, 9.20699639154412)"
"119";"3";"86";"21";BUENOS AIRES - VENEZIA;FILOVIARIA;"12";Lazzaretto - Buenos Aires;"3";N;BeCharge;"2235";VIA PIERLUIGI GIOVANNI DA PALESTRINA;VIA PIER LUIGI DA PALESTRINA 3;"1";"2";AC Normal;PROGETTI PRIVATI NUOVA PROCEDURA (dopo 15.10.2018);attiva_revoca_337/2020;74/2022;"2022";9.2145599542051;45.4847927758193;"(45.4847927758193, 9.2145599542051)"
"121";"3";"86";"21";BUENOS AIRES - VENEZIA;FILOVIARIA;"13";Buenos Aires - Bacone;"3";N;ENEL X Mobility;"2100";PIAZZALE BACONE;PIAZZALE BACONE 8;"1";"2";AC Normal;PROGETTI PRIVATI NUOVA PROCEDURA (dopo 15.10.2018);attiva;1301/2021;"2021";9.21505627754977;45.480375288418;"(45.480375288418, 9.21505627754977)"
"125";"4";"83";"26";XXII MARZO;EXTRA-FILOVIARIA;"15";Novelli;"3";N;ENEL X Mobility;"3141";VIA CENA GIOVANNI;VIA CENA GIOVANNI 23;"1";"2";AC Normal;PROGETTI PRIVATI NUOVA PROCEDURA (dopo 15.10.2018);attiva;50/2021;"2021";9.22010656126542;45.4606653012032;"(45.4606653012032, 9.22010656126542)"
"127";"5";"78";"27";PORTA ROMANA;FILOVIARIA;"18";Bocconi;"3";N;A2A Energy Solutions;"4211";PIAZZA TRENTO;PIAZZA TRENTO-VIALE Isonzo;"1";"2";AC Normal;PROGETTI PRIVATI NUOVA PROCEDURA (dopo 15.10.2018);attiva;1845/2021;"2021";9.20397693299743;45.446910615319;"(45.446910615319, 9.20397693299743)"
"128";"5";"66";"38";RIPAMONTI;EXTRA-FILOVIARIA;;;"3";N;ENEL X Mobility;"4291";VIA NOTO;VIA NOTO 6;"1";"2";AC Normal;PROGETTI PRIVATI NUOVA PROCEDURA (dopo 15.10.2018);attiva;49/2021;"2021";9.19952917997623;45.4309480924723;"(45.4309480924723, 9.19952917997623)"
"129";"6";"41";"46";BARONA;EXTRA-FILOVIARIA;;;"3";N;ENEL X Mobility;"5429";VIA DI RUDINI' ANTONIO;VIA DI RUDINI' ANTONIO;"1";"2";AC Normal;PROGETTI PRIVATI NUOVA PROCEDURA (dopo 15.10.2018);attiva;47/2021;"2021";9.15779755170067;45.4326866963328;"(45.4326866963328, 9.15779755170067)"
"130";"6";"58";"50";TORTONA;FILOVIARIA;"20";Solari - Bergognone;"3";F;BeCharge;"5135";VIA STENDHAL ENRICO;VIA STENDHAL ENRICO 30;"1";"2";AC-DC Fast;PROGETTI PRIVATI NUOVA PROCEDURA (dopo 15.10.2018);attiva_revoca_336/2020;62/2022;"2022";9.16022441912933;45.4521189388768;"(45.4521189388768, 9.16022441912933)"
"131";"6";"59";"44";NAVIGLI;FILOVIARIA;"19";Liguria - Romolo;"3";N;ENEL X Mobility;"5153";PIAZZA ARCOLE;PIAZZA ARCOLE 4;"1";"2";AC Normal;PROGETTI PRIVATI NUOVA PROCEDURA (dopo 15.10.2018);attiva;1656/2021;"2021";9.17264605494632;45.4500632980483;"(45.4500632980483, 9.17264605494632)"
"133";"7";"73";"58";DE ANGELI - MONTE ROSA;FILOVIARIA;"2";Fiera;"3";N;BeCharge;"6280";VIA MARGHERA;VIA MARGHERA 18;"1";"2";AC Normal;PROGETTI PRIVATI NUOVA PROCEDURA (dopo 15.10.2018);attiva;594/2020;"2020";9.15334701209646;45.4672737424016;"(45.4672737424016, 9.15334701209646)"
"134";"7";"75";"52";BANDE NERE;EXTRA-FILOVIARIA;"36";Bisceglie;"3";F;BeCharge;"6597";VIA RUBENS;VIA RUBENS 3;"1";"2";AC-DC Fast;PROGETTI PRIVATI NUOVA PROCEDURA (dopo 15.10.2018);attiva_revoca_1202/2020;108/2022;"2022";9.14568341920794;45.4669363796722;"(45.4669363796722, 9.14568341920794)"
"135";"7";"9";"60";S. SIRO;EXTRA-FILOVIARIA;"8";San Siro;"3";N;BeCharge;"6569";VIA CIVITALI MATTEO;VIA CIVITALI MATTEO 75;"1";"2";AC Normal;PROGETTI PRIVATI NUOVA PROCEDURA (dopo 15.10.2018);attiva_revoca_927/2020;95/2022;"2022";9.12859647957343;45.4750911471975;"(45.4750911471975, 9.12859647957343)"
"137";"8";"19";"76";QUARTO OGGIARO;EXTRA-FILOVIARIA;"40";Ferroviaria Nord-Ovest;"3";F;ENEL X Mobility;"7562";VIA CONFALONIERI GIULIO;VIA CONFALONIERI GIULIO;"1";"2";AC Normal;PROGETTI PRIVATI NUOVA PROCEDURA (dopo 15.10.2018);attiva;48/2021;"2021";9.13901692541641;45.5079148184989;"(45.5079148184989, 9.13901692541641)"
"138";"8";"81";"68";PAGANO;FILOVIARIA;"2";Fiera;"3";N;PowerPoint City Car;"6354";VIA NIEVO IPPOLITO;VIA NIEVO IPPOLITO 39;"1";"2";AC Normal;PROGETTI PRIVATI NUOVA PROCEDURA (dopo 15.10.2018);attiva;679/2020;"2020";9.16261104114488;45.477749764785;"(45.477749764785, 9.16261104114488)"
"141";"9";"24";"78";FARINI;FILOVIARIA;"10";Farini;"3";N;A2A Energy Solutions;"1230";VIALE JENNER EDOARDO;VIALE JENNER EDOARDO 63;"1";"2";AC Normal;PROGETTI PRIVATI NUOVA PROCEDURA (dopo 15.10.2018);attiva;1857/2021;"2021";9.1741501161922;45.4965985946768;"(45.4965985946768, 9.1741501161922)"
"142";"9";"82";"9";GARIBALDI REPUBBLICA;FILOVIARIA;"9";Centro Direzionale;"3";N;A2A Energy Solutions;"1703";VIA DI TOCQUEVILLE ALESSIO;VIA DI TOCQUEVILLE ALESSIO 13;"1";"2";AC Normal;PROGETTI PRIVATI NUOVA PROCEDURA (dopo 15.10.2018);attiva;1084/2021;"2021";9.18634732177231;45.4824216225314;"(45.4824216225314, 9.18634732177231)"
"144";"9";"31";"14";NIGUARDA - CA' GRANDA;EXTRA-FILOVIARIA;"43";Zara - Testi;"3";N;A2A Energy Solutions;"1446";VIALE GIOVANNI SUZZANI;VIALE SUZZANI GIOVANNI 17;"1";"2";AC Normal;PROGETTI PRIVATI NUOVA PROCEDURA (dopo 15.10.2018);attiva;31/2022;"2022";9.19819611452847;45.5072517341176;"(45.5072517341176, 9.19819611452847)"
"145";"9";"31";"14";NIGUARDA - CA' GRANDA;EXTRA-FILOVIARIA;"43";Zara - Testi;"3";N;A2A Energy Solutions;"1526";VIA GATTI FRANCESCO;VIA GATTI FRANCESCO-VIALE Ca Granda;"1";"2";AC Normal;PROGETTI PRIVATI NUOVA PROCEDURA (dopo 15.10.2018);attiva;1853/2021;"2021";9.19203049714587;45.5081623085386;"(45.5081623085386, 9.19203049714587)"
"147";"9";"31";"14";NIGUARDA - CA' GRANDA;EXTRA-FILOVIARIA;"43";Zara - Testi;"3";N;A2A Energy Solutions;"1441";VIALE TESTI FULVIO;VIALE TESTI FULVIO 185-187;"1";"2";AC Normal;PROGETTI PRIVATI NUOVA PROCEDURA (dopo 15.10.2018);attiva;943/2022;"2022";9.20651263106266;45.5174025637648;"(45.5174025637648, 9.20651263106266)"
"148";"9";"52";"15";BICOCCA;EXTRA-FILOVIARIA;"43";Zara - Testi;"3";N;A2A Energy Solutions;"1727";VIALE PIRELLI PIERO ALBERTO;VIALE PIRELLI PIERO ALBERTO 10-VIA Polvani;"1";"2";AC Normal;PROGETTI PRIVATI NUOVA PROCEDURA (dopo 15.10.2018);attiva;1847/2021;"2021";9.20999255201008;45.5130692274468;"(45.5130692274468, 9.20999255201008)"
"150";"9";"71";"11";ISOLA;FILOVIARIA;"9";Centro Direzionale;"3";F;BeCharge;"1146";VIA POLLAIUOLO ANTONIO;VIA POLLAIUOLO ANTONIO 3;"1";"2";AC-DC Fast;PROGETTI PRIVATI NUOVA PROCEDURA (dopo 15.10.2018);attiva;426/2022;"2022";9.18740262283023;45.4887449012149;"(45.4887449012149, 9.18740262283023)"
"152";"9";"31";"14";NIGUARDA - CA' GRANDA;EXTRA-FILOVIARIA;"43";Zara - Testi;"3";N;BeCharge;"1523";PIAZZA DELL'OSPEDALE MAGGIORE;PIAZZA DELL'OSPEDALE MAGGIORE;"1";"2";AC Normal;PROGETTI PRIVATI NUOVA PROCEDURA (dopo 15.10.2018);attiva;372/2020;"2020";9.19019214574042;45.5094939685485;"(45.5094939685485, 9.19019214574042)"
"153";"5";"78";"27";PORTA ROMANA;FILOVIARIA;"18";Bocconi;"3";F;NHP;"4068";CORSO LODI;CORSO LODI 34;"1";"2";AC-DC Fast;PROGETTO HORIZON 2020 - SHARING CITIES;attiva_revoca_1794/2019;801/2020;"2020";9.20857966890648;45.4480367495468;"(45.4480367495468, 9.20857966890648)"
"154";"5";"22";"37";EX OM - MORIVIONE;EXTRA-FILOVIARIA;;;"3";F;NHP;"4227";VIA PIETRASANTA;VIA PIETRASANTA 8;"1";"2";AC-DC Fast;PROGETTO HORIZON 2020 - SHARING CITIES;attiva_revoca_1596/2019;1278/2020;"2020";9.19732287559529;45.4434597276485;"(45.4434597276485, 9.19732287559529)"
"155";"6";"15";"45";S. CRISTOFORO;EXTRA-FILOVIARIA;"25";Abbiategrasso;"3";F;A2A Energy Solutions;"5492";VIA CALINDRI ERNESTO;VIA CALINDRI ERNESTO 1;"1";"2";AC-DC Fast;PROGETTI PRIVATI NUOVA PROCEDURA (dopo 15.10.2018);attiva_revoca_396/2022;427/2022;"2022";9.16259474010155;45.4426983338661;"(45.4426983338661, 9.16259474010155)"
"156";"1";"92";"6";TICINESE;BASTIONI;"6";Ticinese - Vigentina;"3";N;BeCharge;"5182";VIA ARENA;VIA ARENA-VIA Vetere;"1";"2";AC Normal;PROGETTI PRIVATI NUOVA PROCEDURA (dopo 15.10.2018);attiva;35/2022;"2022";9.17963379354786;45.4564264573651;"(45.4564264573651, 9.17963379354786)"
"157";"1";"90";"5";VIGENTINA;BASTIONI;"6";Ticinese - Vigentina;"3";N;BeCharge;"4011";VIA MERCALLI GIUSEPPE;VIA MERCALLI GIUSEPPE-PIAZZA Ferrari;"2";"4";AC Normal;PROGETTI PRIVATI NUOVA PROCEDURA (dopo 15.10.2018);attiva_revoca_1617/2021;507/2022;"2022";9.19189364217952;45.4554430731524;"(45.4554430731524, 9.19189364217952)"
"163";"1";"35";"1";DUOMO;BASTIONI;"1";Centro storico;"3";N;A2A Energy Solutions;"526";CORSO ITALIA;CORSO ITALIA 19;"1";"2";AC Normal;PROGETTI PRIVATI NUOVA PROCEDURA (dopo 15.10.2018);attiva;923/2022;"2022";9.18770063274657;45.457702969074;"(45.457702969074, 9.18770063274657)"
"164";"1";"35";"1";DUOMO;BASTIONI;"1";Centro storico;"3";F;BeCharge;"630";VIA SANTA MARIA FULCORINA;VIA SANTA MARIA FULCORINA 1;"1";"2";AC-DC Fast;PROGETTI PRIVATI NUOVA PROCEDURA (dopo 15.10.2018);attiva;2323/2021;"2021";9.18365170944267;45.463662573688;"(45.463662573688, 9.18365170944267)"
"167";"9";"49";"77";BOVISA;EXTRA-FILOVIARIA;"42";Intorni Di Stazioni Della Linea Metropolitana M3 Comasina;"3";N;BeCharge;"1266";VIA DEGLI IMBRIANI;VIA DEGLI IMBRIANI 51;"1";"2";AC Normal;PROGETTI PRIVATI NUOVA PROCEDURA (dopo 15.10.2018);attiva;32/2022 ;"2022";9.16666852348748;45.5011458939269;"(45.5011458939269, 9.16666852348748)"
"170";"3";"86";"21";BUENOS AIRES - VENEZIA;FILOVIARIA;"13";Buenos Aires - Bacone;"3";N;BeCharge;"2162";VIA MAIOCCHI ACHILLE ;VIA MAIOCCHI ACHILLE 23;"1";"2";AC Normal;PROGETTI PRIVATI NUOVA PROCEDURA (dopo 15.10.2018);attiva;2096/2021;"2021";9.21552399918522;45.4761237485997;"(45.4761237485997, 9.21552399918522)"
"171";"3";"28";"22";CITTA' STUDI;EXTRA-FILOVIARIA;"31";Argonne;"3";N;BeCharge;"2209";VIA CELORIA GIOVANNI;VIA CELORIA GIOVANNI 11;"2";"4";AC Normal;PROGETTI PRIVATI NUOVA PROCEDURA (dopo 15.10.2018);attiva;299/2022;"2022";9.23132212021288;45.4770456610886;"(45.4770456610886, 9.23132212021288)"
"172";"3";"86";"21";BUENOS AIRES - VENEZIA;FILOVIARIA;"13";Buenos Aires - Bacone;"3";N;BeCharge;"2237";VIA MONTEVERDI CLAUDIO;VIA MONTEVERDI CLAUDIO 15;"2";"4";AC Normal;PROGETTI PRIVATI NUOVA PROCEDURA (dopo 15.10.2018);attiva;43/2022;"2022";9.21473145234229;45.4833598610961;"(45.4833598610961, 9.21473145234229)"
"176";"3";"40";"23";LAMBRATE;EXTRA-FILOVIARIA;;;"3";F;BeCharge;"2674";VIA PITTERI RICCARDO;VIA PITTERI RICCARDO 95;"1";"2";AC-DC Fast;PROGETTI PRIVATI NUOVA PROCEDURA (dopo 15.10.2018);attiva;2325/2021;"2021";9.24576789212307;45.4797171273212;"(45.4797171273212, 9.24576789212307)"
"179";"1";"33";"4";GUASTALLA;BASTIONI;"4";Venezia;"3";N;BeCharge;"3043";VIA SERBELLONI GABRIO;VIA SERBELLONI GABRIO 2;"2";"4";AC Normal;PROGETTI PRIVATI NUOVA PROCEDURA (dopo 15.10.2018);attiva;55/2022;"2022";9.20130511408012;45.4703799435561;"(45.4703799435561, 9.20130511408012)"
"182";"4";"84";"26";XXII MARZO;FILOVIARIA;"16";Libia;"3";N;A2A Energy Solutions;"3075";VIA BEZZECCA;VIA BEZZECCA 12;"1";"2";AC Normal;PROGETTI PRIVATI NUOVA PROCEDURA (dopo 15.10.2018);attiva;2322/2021;"2021";9.2108971574025;45.4608718538976;"(45.4608718538976, 9.2108971574025)"
"183";"3";"70";"24";PARCO FORLANINI - ORTICA;EXTRA-FILOVIARIA;;;"3";N;BeCharge;"3243";VIA CORELLI ARCANGELO;VIA CORELLI ARCANGELO 136;"2";"4";AC Normal;PROGETTI PRIVATI NUOVA PROCEDURA (dopo 15.10.2018);attiva;270/2022;"2022";9.26176017927472;45.4702530315359;"(45.4702530315359, 9.26176017927472)"
"185";"5";"36";"36";SCALO ROMANA;EXTRA-FILOVIARIA;;;"3";N;A2A Energy Solutions;"4005";VIA LORENZINI GIOVANNI;VIA LORENZINI GIOVANNI 8-10;"1";"2";AC Normal;PROGETTI PRIVATI NUOVA PROCEDURA (dopo 15.10.2018);attiva;223/2022;"2022";9.20202548662596;45.4439245644657;"(45.4439245644657, 9.20202548662596)"
"186";"1";"90";"5";VIGENTINA;BASTIONI;"6";Ticinese - Vigentina;"3";F;BeCharge;"4021";VIA QUADRONNO;VIA QUADRONNO 31;"1";"2";AC-DC Fast;PROGETTI PRIVATI NUOVA PROCEDURA (dopo 15.10.2018);attiva;36/2022;"2022";9.19493169813868;45.4542370240031;"(45.4542370240031, 9.19493169813868)"
"189";"5";"22";"37";EX OM - MORIVIONE;EXTRA-FILOVIARIA;;;"3";N;A2A Energy Solutions;"4327";VIA BUZZI VITTORE;VIA BUZZI VITTORE 88;"1";"2";AC Normal;PROGETTI PRIVATI NUOVA PROCEDURA (dopo 15.10.2018);attiva;308/2022;"2022";9.19875353199482;45.4424851257638;"(45.4424851257638, 9.19875353199482)"
"190";"4";"39";"35";LODI - CORVETTO;EXTRA-FILOVIARIA;"35";San Donato;"3";N;A2A Energy Solutions;"4067";CORSO LODI;CORSO LODI 127;"1";"2";AC Normal;PROGETTI PRIVATI NUOVA PROCEDURA (dopo 15.10.2018);attiva;34/2022;"2022";9.22348478809926;45.4405014088572;"(45.4405014088572, 9.22348478809926)"
"191";"4";"25";"28";UMBRIA - MOLISE;EXTRA-FILOVIARIA;"17";Martini;"3";F;A2A Energy Solutions;"4098";VIA CADOLINI GIOVANNI;VIA CADOLINI GIOVANNI 9;"1";"2";AC-DC Fast;PROGETTI PRIVATI NUOVA PROCEDURA (dopo 15.10.2018);attiva;2324/2021;"2021";9.22091641220416;45.4494223838908;"(45.4494223838908, 9.22091641220416)"
"192";"4";"25";"28";UMBRIA - MOLISE;EXTRA-FILOVIARIA;"17";Martini;"3";N;A2A Energy Solutions;"4100";VIALE PUGLIE;VIALE PUGLIE 17;"1";"2";AC Normal;PROGETTI PRIVATI NUOVA PROCEDURA (dopo 15.10.2018);attiva;2370/2021;"2021";9.22381991675679;45.4484662269878;"(45.4484662269878, 9.22381991675679)"
"195";"5";"22";"37";EX OM - MORIVIONE;EXTRA-FILOVIARIA;;;"3";N;A2A Energy Solutions;"4254";VIA SOLAROLI PAOLO;VIA SOLAROLI PAOLO 10;"1";"2";AC Normal;PROGETTI PRIVATI NUOVA PROCEDURA (dopo 15.10.2018);attiva;983/2022;"2022";9.19893697461364;45.4366853886324;"(45.4366853886324, 9.19893697461364)"
"200";"6";"58";"50";TORTONA;FILOVIARIA;"20";Solari - Bergognone;"3";N;A2A Energy Solutions;"5122";VIA SAVONA;VIA SAVONA 50;"1";"2";AC Normal;PROGETTI PRIVATI NUOVA PROCEDURA (dopo 15.10.2018);attiva;362/2022;"2022";9.16330178125329;45.4540063356585;"(45.4540063356585, 9.16330178125329)"
"201";"2";"67";"16";VIALE MONZA;EXTRA-FILOVIARIA;"30";Monza;"3";N;A2A Energy Solutions;"2445";VIA BRUNICO;VIA BRUNICO 22;"1";"2";AC Normal;PROGETTI PRIVATI NUOVA PROCEDURA (dopo 15.10.2018);attiva;1221/2020;"2020";9.22317530472312;45.5184674506614;"(45.5184674506614, 9.22317530472312)"
"202";"6";"58";"50";TORTONA;FILOVIARIA;"20";Solari - Bergognone;"3";N;A2A Energy Solutions;"5135";VIA STENDHAL ENRICO;VIA STENDHAL ENRICO 51;"1";"2";AC Normal;PROGETTI PRIVATI NUOVA PROCEDURA (dopo 15.10.2018);attiva;2320/2021 ;"2021";9.15778776822568;45.4555856013423;"(45.4555856013423, 9.15778776822568)"
"207";"5";"32";"42";STADERA;EXTRA-FILOVIARIA;"25";Abbiategrasso;"3";F;A2A Energy Solutions;"5261";VIALE GIOVANNI DA CERMENATE;VIALE GIOVANNI DA CERMENATE 68;"1";"2";AC-DC Fast;PROGETTI PRIVATI NUOVA PROCEDURA (dopo 15.10.2018);attiva;243/2022;"2022";9.18387307871028;45.4372770951822;"(45.4372770951822, 9.18387307871028)"
"208";"6";"59";"44";NAVIGLI;FILOVIARIA;"19";Liguria - Romolo;"3";N;A2A Energy Solutions;"5263";VIA LECCHI ANTONIO;VIA LECCHI ANTONIO 7;"1";"2";AC Normal;PROGETTI PRIVATI NUOVA PROCEDURA (dopo 15.10.2018);attiva;225/2022;"2022";9.17431050170726;45.4450454448482;"(45.4450454448482, 9.17431050170726)"
"209";"6";"59";"44";NAVIGLI;FILOVIARIA;"25";Abbiategrasso;"3";N;A2A Energy Solutions;"5276";VIA SCHIEVANO ENRICO;VIA SCHIEVANO ENRICO 2;"1";"2";AC Normal;PROGETTI PRIVATI NUOVA PROCEDURA (dopo 15.10.2018);attiva;261/2022;"2022";9.16231884691589;45.4446106304026;"(45.4446106304026, 9.16231884691589)"
"210";"6";"59";"44";NAVIGLI;FILOVIARIA;"19";Liguria - Romolo;"3";N;A2A Energy Solutions;"5284";VIALE ROMOLO;VIALE ROMOLO 9;"1";"2";AC Normal;PROGETTI PRIVATI NUOVA PROCEDURA (dopo 15.10.2018);attiva;383/2022;"2022";9.16739391373893;45.4453147330849;"(45.4453147330849, 9.16739391373893)"
"211";"6";"15";"45";S. CRISTOFORO;EXTRA-FILOVIARIA;;;"3";N;A2A Energy Solutions;"5298";VIA BINDA AMBROGIO;VIA BINDA AMBROGIO 2;"1";"2";AC Normal;PROGETTI PRIVATI NUOVA PROCEDURA (dopo 15.10.2018);attiva;379/2022;"2022";9.15502316461871;45.4443025856004;"(45.4443025856004, 9.15502316461871)"
"213";"5";"32";"42";STADERA;EXTRA-FILOVIARIA;"25";Abbiategrasso;"3";N;A2A Energy Solutions;"5326";VIA NEERA;VIA NEERA 4;"1";"2";AC Normal;PROGETTI PRIVATI NUOVA PROCEDURA (dopo 15.10.2018);attiva;40/2022 ;"2022";9.17421499032243;45.4328754820258;"(45.4328754820258, 9.17421499032243)"
"215";"6";"41";"46";BARONA;EXTRA-FILOVIARIA;;;"3";F;BeCharge;"5353";VIALE FAMAGOSTA;VIALE FAMAGOSTA 20;"1";"2";AC-DC Fast;PROGETTI PRIVATI NUOVA PROCEDURA (dopo 15.10.2018);attiva;69/2022;"2022";9.15788923024834;45.4369647233168;"(45.4369647233168, 9.15788923024834)"
"216";"6";"41";"46";BARONA;EXTRA-FILOVIARIA;;;"3";N;A2A Energy Solutions;"5424";VIA SAN VIGILIO;VIA SAN VIGILIO 25;"1";"2";AC Normal;PROGETTI PRIVATI NUOVA PROCEDURA (dopo 15.10.2018);attiva;2321/2021;"2021";9.16209679199227;45.4329681415397;"(45.4329681415397, 9.16209679199227)"
"221";"1";"81";"68";PAGANO;FILOVIARIA;"2";Fiera;"3";N;A2A Energy Solutions;"6184";VIA ARIOSTO LODOVICO;VIA ARIOSTO LODOVICO 11;"1";"2";AC Normal;PROGETTI PRIVATI NUOVA PROCEDURA (dopo 15.10.2018);attiva;425/2022;"2022";9.16564463402805;45.4689799978889;"(45.4689799978889, 9.16564463402805)"
"222";"1";"37";"7";MAGENTA - S. VITTORE;BASTIONI;"7";Magenta - San Vittore;"3";N;A2A Energy Solutions;"6219";VIA VICO GIAN BATTISTA;VIA VICO GIAN BATTISTA 2;"1";"2";AC Normal;PROGETTI PRIVATI NUOVA PROCEDURA (dopo 15.10.2018);attiva;295/2022;"2022";9.17087346673212;45.4603383244042;"(45.4603383244042, 9.17087346673212)"
"223";"7";"74";"51";WASHINGTON;FILOVIARIA;"21";Washington;"3";N;A2A Energy Solutions;"6238";VIA DIGIONE;VIA DIGIONE fronte civico 9;"1";"2";AC Normal;PROGETTI PRIVATI NUOVA PROCEDURA (dopo 15.10.2018);attiva;747/2022;"2022";9.15525565205728;45.4605375816469;"(45.4605375816469, 9.15525565205728)"
"224";"7";"74";"51";WASHINGTON;FILOVIARIA;"2";Fiera;"3";F;A2A Energy Solutions;"6281";VIA CUNEO;VIA CUNEO 1;"1";"2";AC-DC Fast;PROGETTI PRIVATI NUOVA PROCEDURA (dopo 15.10.2018);attiva;744/2022;"2022";9.15407001590182;45.4669057050711;"(45.4669057050711, 9.15407001590182)"
"225";"8";"73";"58";DE ANGELI - MONTE ROSA;FILOVIARIA;"2";Fiera;"3";N;BeCharge;"6422";VIALE VIGLIANI PAOLO ONORATO;VIALE VIGLIANI PAOLO ONORATO 62;"1";"2";AC Normal;PROGETTI PRIVATI NUOVA PROCEDURA (dopo 15.10.2018);attiva;78/2022;"2022";9.14449453408694;45.4803203609071;"(45.4803203609071, 9.14449453408694)"
"227";"4";"39";"35";LODI - CORVETTO;EXTRA-FILOVIARIA;"35";San Donato;"3";N;A2A Energy Solutions;"4068";CORSO LODI;CORSO LODI 69;"1";"2";AC Normal;PROGETTI PRIVATI NUOVA PROCEDURA (dopo 15.10.2018);attiva;33/2022;"2022";9.21617346027809;45.444075093941;"(45.444075093941, 9.21617346027809)"
"228";"9";"82";"9";GARIBALDI REPUBBLICA;FILOVIARIA;"9";Centro Direzionale;"3";F;BeCharge;"1101";VIALE MONTE GRAPPA;VIALE MONTE GRAPPA 16;"1";"2";AC-DC Fast;PROGETTI PRIVATI NUOVA PROCEDURA (dopo 15.10.2018);attiva;52/2022;"2022";9.18938888610557;45.4808200751062;"(45.4808200751062, 9.18938888610557)"
"231";"8";"55";"59";TRE TORRI;FILOVIARIA;"2";Fiera;"3";N;PowerPoint City Car;"6369";VIA SPINOLA AMBROGIO;VIA SPINOLA AMBROGIO 8;"1";"2";AC Normal;PROGETTI PRIVATI NUOVA PROCEDURA (dopo 15.10.2018);attiva;1592/2020;"2020";9.15203510083367;45.4755004950556;"(45.4755004950556, 9.15203510083367)"
"232";"4";"84";"26";XXII MARZO;FILOVIARIA;"14";Piave - Bixio;"3";N;PowerPoint City Car;"3089";VIA F.LLI BRONZETTI ;VIA F.LLI BRONZETTI 38;"1";"2";AC Normal;PROGETTI PRIVATI NUOVA PROCEDURA (dopo 15.10.2018);attiva;1553/2020;"2020";9.21462488020885;45.4630591031855;"(45.4630591031855, 9.21462488020885)"
"233";"8";"54";"67";PORTELLO;FILOVIARIA;"2";Fiera;"3";N;PowerPoint City Car;"7167";VIA LEON BATTISTA ALBERTI;VIA ALBERTI LEON BATTISTA 5;"1";"2";AC Normal;PROGETTI PRIVATI NUOVA PROCEDURA (dopo 15.10.2018);attiva;1552/2020;"2020";9.15786079399124;45.4837556080614;"(45.4837556080614, 9.15786079399124)"
"234";"8";"55";"59";TRE TORRI;FILOVIARIA;"2";Fiera;"3";N;PowerPoint City Car;"6373";VIA SENOFONTE;VIA SENOFONTE 5;"1";"2";AC Normal;PROGETTI PRIVATI NUOVA PROCEDURA (dopo 15.10.2018);attiva_revoca_1591/2020;71/2022;"2022";9.15803349745234;45.4752432351005;"(45.4752432351005, 9.15803349745234)"
"235";"6";"15";"45";S. CRISTOFORO;EXTRA-FILOVIARIA;;;"3";N;PowerPoint City Car;"5307";VIA MARTINI SIMONE DETTO MEMMI;VIA MARTINI SIMONE DETTO MEMMI 22;"1";"2";AC Normal;PROGETTI PRIVATI NUOVA PROCEDURA (dopo 15.10.2018);attiva;1947/2021;"2021";9.15912151278138;45.4401866113509;"(45.4401866113509, 9.15912151278138)"
"236";"9";"82";"9";GARIBALDI REPUBBLICA;FILOVIARIA;"9";Centro Direzionale;"3";N;E.ON Energia S.p.A.;"1107";VIA VESPUCCI AMERIGO;VIA VESPUCCI AMERIGO 2;"1";"2";AC Normal;PROGETTI PRIVATI NUOVA PROCEDURA (dopo 15.10.2018);attiva;1468/2020;"2020";9.19292616939943;45.480591248432;"(45.480591248432, 9.19292616939943)"
"237";"9";"31";"14";NIGUARDA - CA' GRANDA;EXTRA-FILOVIARIA;"43";Zara - Testi;"3";N;PowerPoint City Car;"1446";VIALE GIOVANNI SUZZANI;VIALE SUZZANI GIOVANNI 88-90;"1";"2";AC Normal;PROGETTI PRIVATI NUOVA PROCEDURA (dopo 15.10.2018);attiva_revoca_886/2021_174/2022;197/2022;"2022";9.19989498807973;45.5100928197449;"(45.5100928197449, 9.19989498807973)"
"238";"1";"34";"2";BRERA;BASTIONI;"3";Garibaldi;"3";N;PowerPoint City Car;"1053";VIA TURATI FILIPPO;VIA TURATI FILIPPO 4;"1";"2";AC Normal;PROGETTI PRIVATI NUOVA PROCEDURA (dopo 15.10.2018);attiva;1589/2020;"2020";9.19506969851038;45.4734344632259;"(45.4734344632259, 9.19506969851038)"
"239";"7";"74";"51";WASHINGTON;FILOVIARIA;"21";Washington;"3";N;PowerPoint City Car;"6212";VIALE SAN MICHELE DEL CARSO;VIALE SAN MICHELE DEL CARSO 14;"1";"2";AC Normal;PROGETTI PRIVATI NUOVA PROCEDURA (dopo 15.10.2018);attiva;1593/2020;"2020";9.16421925259784;45.4642859212012;"(45.4642859212012, 9.16421925259784)"
"241";"1";"35";"1";DUOMO;BASTIONI;"1";Centro storico;"3";N;PowerPoint City Car;"409";PIAZZA ERCULEA;PIAZZA ERCULEA 13;"1";"2";AC Normal;PROGETTI PRIVATI NUOVA PROCEDURA (dopo 15.10.2018);attiva;881/2021;"2021";9.18963748284387;45.4588107527771;"(45.4588107527771, 9.18963748284387)"
"242";"1";"92";"6";TICINESE;BASTIONI;"7";Magenta - San Vittore;"3";F;BeCharge;"5164";CORSO GENOVA;CORSO GENOVA 27;"1";"2";AC-DC Fast;PROGETTI PRIVATI NUOVA PROCEDURA (dopo 15.10.2018);attiva;2326/2021;"2021";9.17438715565353;45.4563636314483;"(45.4563636314483, 9.17438715565353)"
"243";"2";"88";"10";CENTRALE;FILOVIARIA;"12";Lazzaretto - Buenos Aires;"3";N;PowerPoint City Car;"2263";VIALE BRIANZA;VIALE BRIANZA 27;"1";"2";AC Normal;PROGETTI PRIVATI NUOVA PROCEDURA (dopo 15.10.2018);attiva;25/2022;"2022";9.21121243950932;45.488344562394;"(45.488344562394, 9.21121243950932)"
"244";"9";"82";"9";GARIBALDI REPUBBLICA;FILOVIARIA;"9";Centro Direzionale;"3";F;Coima;"1008";VIALE DELLA LIBERAZIONE;VIALE DELLA LIBERAZIONE 15;"1";"2";AC-DC Fast;PROGETTI PRIVATI NUOVA PROCEDURA (dopo 15.10.2018);attiva;881/2022;"2022";9.19437321816867;45.4822349784639;"(45.4822349784639, 9.19437321816867)"
"245";"3";"85";"21";BUENOS AIRES - VENEZIA;EXTRA-FILOVIARIA;"13";Buenos Aires - Bacone;"3";N;BeCharge;"2177";VIALE ABRUZZI;VIALE ABRUZZI 18;"1";"2";AC Normal;PROGETTI PRIVATI NUOVA PROCEDURA (dopo 15.10.2018);attiva;539/2022;"2022";9.21734655766461;45.4771216292661;"(45.4771216292661, 9.21734655766461)"
"246";"8";"54";"67";PORTELLO;FILOVIARIA;"2";Fiera;"3";N;PowerPoint City Car;"7163";VIA RUGGERO DI LAURIA;VIA RUGGERO DI LAURIA 4;"1";"2";AC Normal;PROGETTI PRIVATI NUOVA PROCEDURA (dopo 15.10.2018);attiva_revoca_1938/2021;305/2022;"2022";9.15629353009938;45.4850602863159;"(45.4850602863159, 9.15629353009938)"
"247";"1";"34";"2";BRERA;BASTIONI;"1";Centro storico;"3";N;BeCharge;"142";VIA PISONI GASTONE;VIA PISONI GASTONE 2;"1";"2";AC Normal;PROGETTI PRIVATI NUOVA PROCEDURA (dopo 15.10.2018);attiva;572/2022;"2022";9.1930555640878;45.4710264990618;"(45.4710264990618, 9.1930555640878)"
"248";"7";"76";"56";FORZE ARMATE;EXTRA-FILOVIARIA;"8";San Siro;"3";N;PowerPoint City Car;"6304";VIA MARCHESI POMPEO;VIA MARCHESI POMPEO 59;"1";"2";AC Normal;PROGETTI PRIVATI NUOVA PROCEDURA (dopo 15.10.2018);attiva_revoca_1948/2021;460/2022;"2022";9.10299304535169;45.4706446983582;"(45.4706446983582, 9.10299304535169)"
"249";"3";"86";"21";BUENOS AIRES - VENEZIA;FILOVIARIA;"12";Lazzaretto - Buenos Aires;"3";N;PowerPoint City Car;"2235";VIA PIERLUIGI GIOVANNI DA PALESTRINA;VIA PIER LUIGI DA PALESTRINA 22;"1";"2";AC Normal;PROGETTI PRIVATI NUOVA PROCEDURA (dopo 15.10.2018);attiva;26/2022;"2022";9.21143074906597;45.4865093218814;"(45.4865093218814, 9.21143074906597)"
"250";"9";"82";"9";GARIBALDI REPUBBLICA;FILOVIARIA;"9";Centro Direzionale;"3";N;PowerPoint City Car;"1117";VIA DE CRISTOFORIS CARLO;VIA DE CRISTOFORIS CARLO 7;"1";"2";AC Normal;PROGETTI PRIVATI NUOVA PROCEDURA (dopo 15.10.2018);attiva;846/2021;"2021";9.18932121623736;45.4817324217379;"(45.4817324217379, 9.18932121623736)"
"251";"1";"33";"4";GUASTALLA;BASTIONI;"5";Romana - Vittoria;"3";N;BeCharge;"3031";VIA CONSERVATORIO;VIA CONSERVATORIO 15;"1";"2";AC Normal;PROGETTI PRIVATI NUOVA PROCEDURA (dopo 15.10.2018);attiva;56/2022;"2022";9.20236699510228;45.4666405816052;"(45.4666405816052, 9.20236699510228)"
"253";"1";"35";"1";DUOMO;BASTIONI;"1";Centro storico;"3";N;Edison;"711";FORO BUONAPARTE;FORO BUONAPARTE 31;"2";"4";AC Normal;PROGETTI PRIVATI NUOVA PROCEDURA (dopo 15.10.2018);attiva;1984/2021;"2021";9.17876374556247;45.4676226648324;"(45.4676226648324, 9.17876374556247)"
"256";"2";"88";"10";CENTRALE;FILOVIARIA;"12";Lazzaretto - Buenos Aires;"3";N;PowerPoint City Car;"2107";VIALE VITTORIO VENETO;VIALE VITTORIO VENETO 18A;"1";"2";AC Normal;PROGETTI PRIVATI NUOVA PROCEDURA (dopo 15.10.2018);attiva;1941/2021;"2021";9.20074388552535;45.4768193434451;"(45.4768193434451, 9.20074388552535)"
"257";"1";"33";"4";GUASTALLA;BASTIONI;"14";Piave - Bixio;"3";N;PowerPoint City Car;"2179";VIALE PIAVE;VIALE PIAVE 37;"1";"2";AC Normal;PROGETTI PRIVATI NUOVA PROCEDURA (dopo 15.10.2018);attiva;1944/2021;"2021";9.2063696566355;45.473234522042;"(45.473234522042, 9.2063696566355)"
"258";"4";"84";"26";XXII MARZO;FILOVIARIA;"14";Piave - Bixio;"3";N;PowerPoint City Car;"3088";VIA GOFFREDO MAMELI;VIA MAMELI GOFFREDO;"1";"2";AC Normal;PROGETTI PRIVATI NUOVA PROCEDURA (dopo 15.10.2018);attiva;2001/2021;"2021";9.21343526737256;45.4674804351939;"(45.4674804351939, 9.21343526737256)"
"259";"1";"37";"7";MAGENTA - S. VITTORE;BASTIONI;"7";Magenta - San Vittore;"3";N;PowerPoint City Car;"647";VIA SAN VITTORE;VIA SAN VITTORE 34;"1";"2";AC Normal;PROGETTI PRIVATI NUOVA PROCEDURA (dopo 15.10.2018);attiva;887/2021;"2021";9.1678721217809;45.4641523353582;"(45.4641523353582, 9.1678721217809)"
"260";"3";"28";"22";CITTA' STUDI;EXTRA-FILOVIARIA;"31";Argonne;"3";N;PowerPoint City Car;"3208";VIA SANGALLO;VIA SANGALLO 33;"1";"2";AC Normal;PROGETTI PRIVATI NUOVA PROCEDURA (dopo 15.10.2018);attiva;1590/2020;"2020";9.22899287012821;45.4717798528721;"(45.4717798528721, 9.22899287012821)"
"261";"4";"83";"26";XXII MARZO;EXTRA-FILOVIARIA;"15";Novelli;"3";F;BeCharge;"3142";VIA DOSSI ANTONIO ;VIA DOSSI ANTONIO 10;"1";"2";AC-DC Fast;PROGETTI PRIVATI NUOVA PROCEDURA (dopo 15.10.2018);attiva;41/2022 ;"2022";9.22024118092861;45.4609709413377;"(45.4609709413377, 9.22024118092861)"
"262";"1";"34";"2";BRERA;BASTIONI;"4";Venezia;"3";N;PowerPoint City Car;"237";PIAZZA CAVOUR;PIAZZA CAVOUR 5;"1";"2";AC Normal;PROGETTI PRIVATI NUOVA PROCEDURA (dopo 15.10.2018);attiva;879/2021;"2021";9.1954940186422;45.4729991709028;"(45.4729991709028, 9.1954940186422)"
"263";"6";"15";"45";S. CRISTOFORO;EXTRA-FILOVIARIA;"25";Abbiategrasso;"3";N;PowerPoint City Car;"5269";VIA RIMINI;VIA RIMINI 30;"1";"2";AC Normal;PROGETTI PRIVATI NUOVA PROCEDURA (dopo 15.10.2018);attiva;1501/2021;"2021";9.17061134449205;45.440815539438;"(45.440815539438, 9.17061134449205)"
"264";"3";"86";"21";BUENOS AIRES - VENEZIA;FILOVIARIA;"14";Piave - Bixio;"3";N;PowerPoint City Car;"2188";VIA PISACANE CARLO;VIA PISACANE CARLO 26;"1";"2";AC Normal;PROGETTI PRIVATI NUOVA PROCEDURA (dopo 15.10.2018);attiva;813/2021;"2021";9.21126046001236;45.4712557433666;"(45.4712557433666, 9.21126046001236)"
"265";"1";"34";"2";BRERA;BASTIONI;"1";Centro storico;"3";N;BeCharge;"703";VIA LANZA GIOVANNI;VIA LANZA GIOVANNI 6;"1";"2";AC Normal;PROGETTI PRIVATI NUOVA PROCEDURA (dopo 15.10.2018);attiva;570/2022;"2022";9.18159596131271;45.4713757631058;"(45.4713757631058, 9.18159596131271)"
"266";"1";"34";"2";BRERA;BASTIONI;"3";Garibaldi;"3";F;BeCharge;"1016";VIA DELLA MOSCOVA;VIA DELLA MOSCOVA 49-VIA di Porta Tenaglia;"1";"2";AC-DC Fast;PROGETTI PRIVATI NUOVA PROCEDURA (dopo 15.10.2018);attiva;555/2022;"2022";9.18306418065817;45.4778176573358;"(45.4778176573358, 9.18306418065817)"
"267";"1";"34";"2";BRERA;BASTIONI;"1";Centro storico;"3";N;A2A Energy Solutions;"720";VIA BROLETTO;VIA BROLETTO 44;"1";"2";AC Normal;PROGETTO E-MOVING;attiva;610/2016;"2016";9.1856165791586;45.4681432036967;"(45.4681432036967, 9.1856165791586)"
"268";"8";"55";"59";TRE TORRI;FILOVIARIA;"2";Fiera;"4";Q;A2A Energy Solutions;"6363";PIAZZA AMENDOLA GIOVANNI;PIAZZA AMENDOLA GIOVANNI 3;"3";"6";AC Normal;ELECTRIC CITY MOVERS - ISOLE DIGITALI - revamping;attiva_revampizzata;68347/2012;"2021";9.15151951081469;45.4735847697994;"(45.4735847697994, 9.15151951081469)"
"269";"9";"52";"15";BICOCCA;EXTRA-FILOVIARIA;"43";Zara - Testi;"3";F;BeCharge;"1441";VIALE TESTI FULVIO;VIALE TESTI FULVIO 262;"1";"2";AC-DC Fast;PROGETTI PRIVATI NUOVA PROCEDURA (dopo 15.10.2018);attiva;676/2022;"2022";9.21045662578238;45.5229136091589;"(45.5229136091589, 9.21045662578238)"
"270";"1";"34";"2";BRERA;BASTIONI;"1";Centro storico;"3";N;BeCharge;"109";VIA SAN PROTASO;VIA SAN PROTASO;"1";"2";AC Normal;PROGETTI PRIVATI NUOVA PROCEDURA (dopo 15.10.2018);attiva;24/2022;"2022";9.18819669291269;45.4659476907798;"(45.4659476907798, 9.18819669291269)"
"274";"2";"88";"10";CENTRALE;FILOVIARIA;"12";Lazzaretto - Buenos Aires;"3";N;BeCharge;"2260";PIAZZA DI SAVOIA LUIGI;PIAZZA LUIGI DI SAVOIA 22;"3";"6";AC Normal;PROGETTI PRIVATI NUOVA PROCEDURA (dopo 15.10.2018);attiva;604/2022;"2022";9.20718654501808;45.4855794881911;"(45.4855794881911, 9.20718654501808)"
"275";"9";"93";"12";MACIACHINI - MAGGIOLINA;EXTRA-FILOVIARIA;"43";Zara - Testi;"3";N;BeCharge;"1316";VIA MURAT GIOACCHINO;VIA MURAT GIOACCHINO 4;"1";"2";AC Normal;PROGETTI PRIVATI NUOVA PROCEDURA (dopo 15.10.2018);attiva;560/2022;"2022";9.19190857198543;45.4970385328416;"(45.4970385328416, 9.19190857198543)"
"276";"6";"14";"49";GIAMBELLINO;EXTRA-FILOVIARIA;;;"3";N;BeCharge;"5136";VIA GIAMBELLINO;VIA GIAMBELLINO 115;"1";"2";AC Normal;PROGETTI PRIVATI NUOVA PROCEDURA (dopo 15.10.2018);attiva;1037/2022;"2022";9.14124862163185;45.4481477245713;"(45.4481477245713, 9.14124862163185)"
"278";"9";"52";"15";BICOCCA;EXTRA-FILOVIARIA;"43";Zara - Testi;"3";N;BeCharge;"1731";VIALE DELLA INNOVAZIONE;VIALE DELLA INNOVAZIONE 13;"1";"2";AC Normal;PROGETTI PRIVATI NUOVA PROCEDURA (dopo 15.10.2018);attiva;566/2022;"2022";9.21339981454641;45.5155888770584;"(45.5155888770584, 9.21339981454641)"
"279";"5";"17";"43";TIBALDI;EXTRA-FILOVIARIA;"25";Abbiategrasso;"3";F;BeCharge;"5253";VIA SANT'AMPELLIO;VIA SANT'AMPELLIO 16;"1";"2";AC-DC Fast;PROGETTI PRIVATI NUOVA PROCEDURA (dopo 15.10.2018);attiva;580/2022;"2022";9.18496519958573;45.4382374702168;"(45.4382374702168, 9.18496519958573)"
"280";"2";"69";"20";LORETO;EXTRA-FILOVIARIA;"30";Monza;"3";N;BeCharge;"2287";VIA OXILIA NINO;VIA OXILIA NINO 15;"1";"2";AC Normal;PROGETTI PRIVATI NUOVA PROCEDURA (dopo 15.10.2018);attiva;593/2022;"2022";9.21504693732221;45.4922922161208;"(45.4922922161208, 9.21504693732221)"
"281";"5";"22";"37";EX OM - MORIVIONE;EXTRA-FILOVIARIA;;;"3";F;BeCharge;"4066";VIA RIPAMONTI GIUSEPPE;VIA RIPAMONTI GIUSEPPE 114;"1";"2";AC-DC Fast;PROGETTI PRIVATI NUOVA PROCEDURA (dopo 15.10.2018);attiva;575/2022;"2022";9.1999087522132;45.4393956711566;"(45.4393956711566, 9.1999087522132)"
"282";"8";"8";"65";GALLARATESE;EXTRA-FILOVIARIA;"34";Molino Dorino;"3";N;BeCharge;"7526";VIA CILEA FRANCESCO;VIA CILEA FRANCESCO-VIA Gaetano Fichera;"1";"2";AC Normal;PROGETTI PRIVATI NUOVA PROCEDURA (dopo 15.10.2018);attiva;558/2022;"2022";9.09687409614283;45.4999120879675;"(45.4999120879675, 9.09687409614283)"
"288";"3";"7";"18";PARCO LAMBRO - CIMIANO;EXTRA-FILOVIARIA;;;"3";N;BeCharge;"2652";VIA FELTRE;VIA FELTRE-VIA Passo Mendola;"1";"2";AC Normal;PROGETTI PRIVATI NUOVA PROCEDURA (dopo 15.10.2018);attiva;836/2022;"2022";9.24667222744773;45.4913138942829;"(45.4913138942829, 9.24667222744773)"
"292";"6";"58";"50";TORTONA;FILOVIARIA;"20";Solari - Bergognone;"3";F;BeCharge;"6091";VIA MONTEVIDEO;VIA MONTEVIDEO 15;"1";"2";AC-DC Fast;PROGETTI PRIVATI NUOVA PROCEDURA (dopo 15.10.2018);attiva;1005/2022;"2022";9.16514582844538;45.4576114496557;"(45.4576114496557, 9.16514582844538)"
"295";"7";"74";"51";WASHINGTON;FILOVIARIA;"21";Washington;"3";N;BeCharge;"6238";VIA DIGIONE;VIA DIGIONE 9;"1";"2";AC Normal;PROGETTI PRIVATI NUOVA PROCEDURA (dopo 15.10.2018);attiva;989/2022;"2022";9.15515922518806;45.4604650295818;"(45.4604650295818, 9.15515922518806)"
"299";"9";"20";"80";AFFORI;EXTRA-FILOVIARIA;"42";Intorni Di Stazioni Della Linea Metropolitana M3 Comasina;"3";F;BeCharge;"1510";VIA ROSSI PELLEGRINO;VIA ROSSI PELLEGRINO 33;"1";"2";AC-DC Fast;PROGETTI PRIVATI NUOVA PROCEDURA (dopo 15.10.2018);attiva;788/2022;"2022";9.17664656480476;45.5095602712758;"(45.5095602712758, 9.17664656480476)"
"306";"2";"21";"19";PADOVA;EXTRA-FILOVIARIA;;;"3";F;BeCharge;"2376";VIA DERNA;VIA DERNA-VIA Benadir;"1";"2";AC-DC Fast;PROGETTI PRIVATI NUOVA PROCEDURA (dopo 15.10.2018);attiva;870/2022;"2022";9.23637111139814;45.499214224443;"(45.499214224443, 9.23637111139814)"
"307";"6";"41";"46";BARONA;EXTRA-FILOVIARIA;;;"3";N;BeCharge;"5424";VIA SAN VIGILIO;VIA SAN VIGILIO-Ingresso Pronto Soccorso;"1";"2";AC Normal;PROGETTI PRIVATI NUOVA PROCEDURA (dopo 15.10.2018);attiva;1022/2022;"2022";9.1618703899562;45.4330228219386;"(45.4330228219386, 9.1618703899562)"
"312";"1";"35";"1";DUOMO;BASTIONI;"1";Centro storico;"3";F;A2A Energy Solutions;"410";VIA LENTASIO;VIA LENTASIO 1;"1";"2";AC-DC Fast;PROGETTI PRIVATI NUOVA PROCEDURA (dopo 15.10.2018);attiva;692/2022;"2022";9.19171843989548;45.458431798758;"(45.458431798758, 9.19171843989548)"
"314";"1";"35";"1";DUOMO;BASTIONI;"1";Centro storico;"3";N;A2A Energy Solutions;"623";VIA NEGRI GAETANO;VIA NEGRI GAETANO 10;"1";"2";AC Normal;PROGETTI PRIVATI NUOVA PROCEDURA (dopo 15.10.2018);attiva;530/2022;"2022";9.18387998053045;45.465119081868;"(45.465119081868, 9.18387998053045)"
"320";"1";"34";"2";BRERA;BASTIONI;"3";Garibaldi;"3";N;A2A Energy Solutions;"1048";VIA DE MARCHI MARCO;VIA DE MARCHI MARCO 1;"1";"2";AC Normal;PROGETTI PRIVATI NUOVA PROCEDURA (dopo 15.10.2018);attiva;644/2022;"2022";9.19277540751043;45.4730374650169;"(45.4730374650169, 9.19277540751043)"
"327";"2";"68";"13";GRECO;EXTRA-FILOVIARIA;"43";Zara - Testi;"3";F;BeCharge;"1202";VIA SAMMARTINI GIOVANNI BATTISTA;VIA SAMMARTINI GIOVANNI BATTISTA 73;"1";"2";AC-DC Fast;PROGETTI PRIVATI NUOVA PROCEDURA (dopo 15.10.2018);attiva;871/2022;"2022";9.21242473579639;45.49593091505;"(45.49593091505, 9.21242473579639)"
"335";"9";"31";"14";NIGUARDA - CA' GRANDA;EXTRA-FILOVIARIA;"43";Zara - Testi;"3";F;A2A Energy Solutions;"1449";VIA MONTEROTONDO;VIA MONTEROTONDO 3;"1";"2";AC-DC Fast;PROGETTI PRIVATI NUOVA PROCEDURA (dopo 15.10.2018);attiva;685/2022;"2022";9.19430515251618;45.5149358121133;"(45.5149358121133, 9.19430515251618)"
"352";"2";"21";"19";PADOVA;EXTRA-FILOVIARIA;;;"3";N;A2A Energy Solutions;"2525";VIA GIULIETTI GIUSEPPE MARIA;VIA GIULIETTI GIUSEPPE MARIA 15;"1";"2";AC Normal;PROGETTI PRIVATI NUOVA PROCEDURA (dopo 15.10.2018);attiva;942/2022;"2022";9.24735010587157;45.5077458739746;"(45.5077458739746, 9.24735010587157)"
"353";"3";"40";"23";LAMBRATE;EXTRA-FILOVIARIA;;;"3";N;A2A Energy Solutions;"2674";VIA PITTERI RICCARDO;VIA PITTERI RICCARDO 89;"1";"2";AC Normal;PROGETTI PRIVATI NUOVA PROCEDURA (dopo 15.10.2018);attiva;656/2022;"2022";9.24616512517704;45.4788509273717;"(45.4788509273717, 9.24616512517704)"
"356";"1";"33";"4";GUASTALLA;BASTIONI;"4";Venezia;"3";N;BeCharge;"3039";VIA MOZART;VIA MOZART 18;"2";"4";AC Normal;PROGETTI PRIVATI NUOVA PROCEDURA (dopo 15.10.2018);attiva;720/2022;"2022";9.20372125158046;45.4693012931834;"(45.4693012931834, 9.20372125158046)"
"360";"4";"83";"26";XXII MARZO;EXTRA-FILOVIARIA;"15";Novelli;"3";N;A2A Energy Solutions;"3143";VIA REZZONICO FRANCESCO;VIA REZZONICO FRANCESCO 6;"1";"2";AC Normal;PROGETTI PRIVATI NUOVA PROCEDURA (dopo 15.10.2018);attiva;650/2022;"2022";9.22121676193686;45.4610523820483;"(45.4610523820483, 9.22121676193686)"
"385";"6";"14";"49";GIAMBELLINO;EXTRA-FILOVIARIA;"36";Bisceglie;"3";N;A2A Energy Solutions;"5132";VIA LORENTEGGIO;VIA LORENTEGGIO 209;"1";"2";AC Normal;PROGETTI PRIVATI NUOVA PROCEDURA (dopo 15.10.2018);attiva;525/2022;"2022";9.12499752994839;45.4461017811229;"(45.4461017811229, 9.12499752994839)"
"388";"6";"59";"44";NAVIGLI;FILOVIARIA;"19";Liguria - Romolo;"3";N;BeCharge;"5272";VIA D'ADDA CARLO;VIA D'ADDA CARLO 9;"1";"2";AC Normal;PROGETTI PRIVATI NUOVA PROCEDURA (dopo 15.10.2018);attiva;787/2022;"2022";9.16091539719194;45.4474020517558;"(45.4474020517558, 9.16091539719194)"
"389";"6";"15";"45";S. CRISTOFORO;EXTRA-FILOVIARIA;;;"3";N;BeCharge;"5293";VIA PONTI ANDREA;VIA PONTI ANDREA 6;"2";"4";AC Normal;PROGETTI PRIVATI NUOVA PROCEDURA (dopo 15.10.2018);attiva;1021/2022;"2022";9.1559391418448;45.4470135054145;"(45.4470135054145, 9.1559391418448)"
"391";"1";"37";"7";MAGENTA - S. VITTORE;BASTIONI;"7";Magenta - San Vittore;"3";N;A2A Energy Solutions;"6155";VIA MONTI VINCENZO;VIA MONTI VINCENZO 51;"1";"2";AC Normal;PROGETTI PRIVATI NUOVA PROCEDURA (dopo 15.10.2018);attiva;661/2022;"2022";9.16871273501036;45.4711753304714;"(45.4711753304714, 9.16871273501036)"
"394";"1";"37";"7";MAGENTA - S. VITTORE;BASTIONI;"7";Magenta - San Vittore;"3";N;A2A Energy Solutions;"6213";VIALE DI PORTA VERCELLINA;VIALE DI PORTA VERCELLINA 5;"1";"2";AC Normal;PROGETTI PRIVATI NUOVA PROCEDURA (dopo 15.10.2018);attiva;524/2022;"2022";9.16583732848583;45.46523284434;"(45.46523284434, 9.16583732848583)"
"395";"7";"74";"51";WASHINGTON;FILOVIARIA;"2";Fiera;"3";N;A2A Energy Solutions;"6276";PIAZZA DE ANGELI ERNESTO;PIAZZA DE ANGELI ERNESTO 7;"1";"2";AC Normal;PROGETTI PRIVATI NUOVA PROCEDURA (dopo 15.10.2018);attiva;563/2022;"2022";9.14880645114811;45.466343140075;"(45.466343140075, 9.14880645114811)"
"399";"8";"55";"59";TRE TORRI;FILOVIARIA;"2";Fiera;"3";N;A2A Energy Solutions;"6373";VIA SENOFONTE;VIA SENOFONTE 7;"1";"2";AC Normal;PROGETTI PRIVATI NUOVA PROCEDURA (dopo 15.10.2018);attiva;2348/2021;"2021";9.1577716722165;45.4752503242759;"(45.4752503242759, 9.1577716722165)"
"400";"7";"73";"58";DE ANGELI - MONTE ROSA;FILOVIARIA;"2";Fiera;"3";F;A2A Energy Solutions;"6383";VIA DOMENICHINO;VIA DOMENICHINO 12;"1";"2";AC-DC Fast;PROGETTI PRIVATI NUOVA PROCEDURA (dopo 15.10.2018);attiva;434/2022;"2022";9.14975953242165;45.4736701869338;"(45.4736701869338, 9.14975953242165)"
"401";"8";"73";"58";DE ANGELI - MONTE ROSA;FILOVIARIA;"2";Fiera;"3";N;A2A Energy Solutions;"6397";VIA SEBASTIANO DEL PIOMBO;VIA SEBASTIANO DEL PIOMBO 23;"1";"2";AC Normal;PROGETTI PRIVATI NUOVA PROCEDURA (dopo 15.10.2018);attiva;518/2022;"2022";9.14765306983145;45.4781426327859;"(45.4781426327859, 9.14765306983145)"
"402";"8";"73";"58";DE ANGELI - MONTE ROSA;FILOVIARIA;"2";Fiera;"3";N;A2A Energy Solutions;"6422";VIALE VIGLIANI PAOLO ONORATO;VIALE VIGLIANI PAOLO ONORATO 57;"1";"2";AC Normal;PROGETTI PRIVATI NUOVA PROCEDURA (dopo 15.10.2018);attiva;746/2022;"2022";9.14534387286356;45.4805666024476;"(45.4805666024476, 9.14534387286356)"
"403";"8";"73";"58";DE ANGELI - MONTE ROSA;FILOVIARIA;"2";Fiera;"3";N;A2A Energy Solutions;"6425";VIALE LODOVICO SCARAMPO;VIALE SCARAMPO LODOVICO 41;"1";"2";AC Normal;PROGETTI PRIVATI NUOVA PROCEDURA (dopo 15.10.2018);attiva;10/2022;"2022";9.146522604651;45.4840734012421;"(45.4840734012421, 9.146522604651)"
"404";"8";"4";"66";QT 8;EXTRA-FILOVIARIA;"34";Molino Dorino;"3";N;A2A Energy Solutions;"6429";VIA CREMOSANO MARCO;VIA CREMOSANO MARCO 2;"1";"2";AC Normal;PROGETTI PRIVATI NUOVA PROCEDURA (dopo 15.10.2018);attiva;574/2022;"2022";9.1406512534335;45.4830288801404;"(45.4830288801404, 9.1406512534335)"
"409";"7";"9";"60";S. SIRO;EXTRA-FILOVIARIA;"8";San Siro;"3";N;A2A Energy Solutions;"6624";VIA NOVARA;VIA NOVARA 82;"1";"2";AC Normal;PROGETTI PRIVATI NUOVA PROCEDURA (dopo 15.10.2018);attiva;2354/2021;"2021";9.12122004883544;45.4717430387763;"(45.4717430387763, 9.12122004883544)"
"411";"7";"75";"52";BANDE NERE;EXTRA-FILOVIARIA;"36";Bisceglie;"3";F;BeCharge;"6648";VIA ORSINI VINCENZO GIORDANO;VIA ORSINI VINCENZO GIORDANO 2;"1";"2";AC-DC Fast;PROGETTI PRIVATI NUOVA PROCEDURA (dopo 15.10.2018);attiva;990/2022;"2022";9.13566230732729;45.4620240510136;"(45.4620240510136, 9.13566230732729)"
"412";"7";"76";"56";FORZE ARMATE;EXTRA-FILOVIARIA;"36";Bisceglie;"3";N;A2A Energy Solutions;"6701";VIA SELLA NUOVA;VIA SELLA NUOVA 11;"1";"2";AC Normal;PROGETTI PRIVATI NUOVA PROCEDURA (dopo 15.10.2018);attiva;545/2022;"2022";9.10938539524089;45.459982731687;"(45.459982731687, 9.10938539524089)"
"413";"8";"72";"69";SARPI;FILOVIARIA;"22";Sarpi;"3";N;A2A Energy Solutions;"7079";VIA LOMAZZO PAOLO;VIA LOMAZZO PAOLO 14;"1";"2";AC Normal;PROGETTI PRIVATI NUOVA PROCEDURA (dopo 15.10.2018);attiva;639/2022;"2022";9.17252534542837;45.4817915746894;"(45.4817915746894, 9.17252534542837)"
"414";"1";"72";"69";SARPI;FILOVIARIA;"22";Sarpi;"3";N;A2A Energy Solutions;"7129";VIA NICCOLINI GIOVANNI BATTISTA;VIA NICCOLINI GIOVANNI BATTISTA 23;"1";"2";AC Normal;PROGETTI PRIVATI NUOVA PROCEDURA (dopo 15.10.2018);attiva;688/2022;"2022";9.17727850793804;45.4809774938914;"(45.4809774938914, 9.17727850793804)"
"415";"8";"81";"68";PAGANO;FILOVIARIA;"2";Fiera;"3";F;BeCharge;"7137";CORSO SEMPIONE;CORSO SEMPIONE 23;"1";"2";AC-DC Fast;PROGETTI PRIVATI NUOVA PROCEDURA (dopo 15.10.2018);attiva;907/2022;"2022";9.16765293100566;45.4788846428581;"(45.4788846428581, 9.16765293100566)"
"416";"8";"54";"67";PORTELLO;FILOVIARIA;"2";Fiera;"3";N;A2A Energy Solutions;"7152";VIA DOMODOSSOLA;VIA DOMODOSSOLA 14;"1";"2";AC Normal;PROGETTI PRIVATI NUOVA PROCEDURA (dopo 15.10.2018);attiva;582/2022;"2022";9.1603826648043;45.4806031388523;"(45.4806031388523, 9.1603826648043)"
"417";"8";"54";"67";PORTELLO;FILOVIARIA;"2";Fiera;"3";F;A2A Energy Solutions;"7159";PIAZZALE STEFANO TURR;PIAZZALE TURR STEFANO 4;"1";"2";AC-DC Fast;PROGETTI PRIVATI NUOVA PROCEDURA (dopo 15.10.2018);attiva;431/2022;"2022";9.15289513958425;45.4843272322494;"(45.4843272322494, 9.15289513958425)"
"418";"8";"48";"71";VILLAPIZZONE;EXTRA-FILOVIARIA;"40";Ferroviaria Nord-Ovest;"3";N;A2A Energy Solutions;"7174";VIALE CERTOSA;VIALE CERTOSA 130;"1";"2";AC Normal;PROGETTI PRIVATI NUOVA PROCEDURA (dopo 15.10.2018);attiva;562/2022;"2022";9.13984027396313;45.4955658802597;"(45.4955658802597, 9.13984027396313)"
"425";"8";"10";"70";GHISOLFA;FILOVIARIA;"23";Sempione - Cenisio;"3";N;A2A Energy Solutions;"7255";VIA VALCAVA;VIA VALCAVA 6;"1";"2";AC Normal;PROGETTI PRIVATI NUOVA PROCEDURA (dopo 15.10.2018);attiva;659/2022;"2022";9.15650544292264;45.4923527524773;"(45.4923527524773, 9.15650544292264)"
"432";"4";"5";"29";ORTOMERCATO;EXTRA-FILOVIARIA;"31";Argonne;"3";N;A2A Energy Solutions;"3340";VIA ABETONE;VIA ABETONE 2;"1";"2";AC Normal;PROGETTI PRIVATI NUOVA PROCEDURA (dopo 15.10.2018);attiva;689/2022;"2022";9.22474027273227;45.4546374614098;"(45.4546374614098, 9.22474027273227)"
"439";"7";"76";"56";FORZE ARMATE;EXTRA-FILOVIARIA;"8";San Siro;"3";N;A2A Energy Solutions;"6306";VIA FRATELLI ZOIA;VIA FRATELLI ZOIA-PIAZZALE della Cooperazione;"1";"2";AC Normal;PROGETTI PRIVATI NUOVA PROCEDURA (dopo 15.10.2018);attiva;571/2022;"2022";9.109884565743;45.4693429690067;"(45.4693429690067, 9.109884565743)"
"440";"8";"72";"69";SARPI;FILOVIARIA;"23";Sempione - Cenisio;"3";N;A2A Energy Solutions;"7195";VIA CASTELVETRO LODOVICO;VIA CASTELVETRO LODOVICO 21;"1";"2";AC Normal;PROGETTI PRIVATI NUOVA PROCEDURA (dopo 15.10.2018);attiva;577/2022;"2022";9.16571912945275;45.485680781296;"(45.485680781296, 9.16571912945275)"
"443";"9";"50";"79";DERGANO;EXTRA-FILOVIARIA;"42";Intorni Di Stazioni Della Linea Metropolitana M3 Comasina;"3";N;A2A Energy Solutions;"1230";VIALE JENNER EDOARDO;VIALE JENNER EDOARDO 20;"1";"2";AC Normal;PROGETTI PRIVATI NUOVA PROCEDURA (dopo 15.10.2018);attiva;2351/2021;"2021";9.18163298590308;45.4973623434152;"(45.4973623434152, 9.18163298590308)"
"444";"9";"31";"14";NIGUARDA - CA' GRANDA;EXTRA-FILOVIARIA;"43";Zara - Testi;"3";N;BeCharge;"1441";VIALE TESTI FULVIO;VIALE TESTI FULVIO 121;"1";"2";AC Normal;PROGETTI PRIVATI NUOVA PROCEDURA (dopo 15.10.2018);attiva;949/2022;"2022";9.20473678437832;45.5142694114345;"(45.5142694114345, 9.20473678437832)"
"446";"1";"35";"1";DUOMO;BASTIONI;"1";Centro storico;"3";N;Credit Agricole;"519";VIA ARMORARI;VIA ARMORARI 4;"1";"2";AC Normal;PROGETTI PRIVATI NUOVA PROCEDURA (dopo 15.10.2018);attiva_revoca_1670/2021;303/2022;"2022";9.1860076411386;45.4643419216184;"(45.4643419216184, 9.1860076411386)"
"447";"8";"72";"69";SARPI;FILOVIARIA;"9";Centro Direzionale;"3";N;Repower;"7234";VIA CERESIO;VIA CERESIO 3-7;"1";"2";AC Normal;PROGETTI PRIVATI NUOVA PROCEDURA (dopo 15.10.2018);attiva;263/2022;"2022";9.18060142966597;45.4834198470717;"(45.4834198470717, 9.18060142966597)"
"453";"3";"40";"23";LAMBRATE;EXTRA-FILOVIARIA;;;"3";F;ENEL X Mobility;"2654";PIAZZA MONTE TITANO;PIAZZA MONTE TITANO-Parcheggio pubblico con accesso da via Predil;"1";"2";AC-DC Fast;PROGETTI PRIVATI NUOVA PROCEDURA (dopo 15.10.2018);attiva;1020/2022;"2022";9.23791621014161;45.4858167879584;"(45.4858167879584, 9.23791621014161)"
"456";"4";"27";"25";CORSICA;EXTRA-FILOVIARIA;"31";Argonne;"3";N;ENEL X Mobility;"3268";VIA GRASSELLI ANNIBALE;VIA GRASSELLI ANNIBALE-VIALE Corsica;"1";"2";AC Normal;PROGETTI PRIVATI NUOVA PROCEDURA (dopo 15.10.2018);attiva;1109/2022;"2022";9.2277482784689;45.4619803591315;"(45.4619803591315, 9.2277482784689)"
"457";"4";"5";"29";ORTOMERCATO;EXTRA-FILOVIARIA;"31";Argonne;"3";N;ENEL X Mobility;"3338";VIA MONTE VELINO;VIA MONTE VELINO 17;"1";"2";AC Normal;PROGETTI PRIVATI NUOVA PROCEDURA (dopo 15.10.2018);attiva;677/2022;"2022";9.22671801649375;45.4530515310402;"(45.4530515310402, 9.22671801649375)"
"458";"4";"83";"26";XXII MARZO;EXTRA-FILOVIARIA;"15";Novelli;"3";N;ENEL X Mobility;"3145";VIALE UMBRIA;VIALE UMBRIA 120;"1";"2";AC Normal;PROGETTI PRIVATI NUOVA PROCEDURA (dopo 15.10.2018);attiva;645/2022;"2022";9.21762594353806;45.4610802581055;"(45.4610802581055, 9.21762594353806)"
"462";"7";"76";"56";FORZE ARMATE;EXTRA-FILOVIARIA;"8";San Siro;"3";N;ENEL X Mobility;"6832";VIA PIO II;VIA PIO II 3-Parcheggio esterno dell'Ospedale San Carlo Borromeo;"1";"2";AC Normal;PROGETTI PRIVATI NUOVA PROCEDURA (dopo 15.10.2018);attiva;924/2022;"2022";9.11278688032782;45.4699755996821;"(45.4699755996821, 9.11278688032782)"
"465";"7";"9";"60";S. SIRO;EXTRA-FILOVIARIA;"8";San Siro;"3";N;ENEL X Mobility;"6519";VIA DEGLI ALDOBRANDINI;VIA DEGLI ALDOBRANDINI-VIA dei Loredan;"1";"2";AC Normal;PROGETTI PRIVATI NUOVA PROCEDURA (dopo 15.10.2018);attiva;642/2022;"2022";9.12922853930073;45.4764954544929;"(45.4764954544929, 9.12922853930073)"
"466";"8";"54";"67";PORTELLO;FILOVIARIA;"2";Fiera;"3";N;ENEL X Mobility;"7159";PIAZZALE TURR STEFANO;PIAZZALE TURR STEFANO 2-VIA Faravelli Luigi Giuseppe;"1";"2";AC Normal;PROGETTI PRIVATI NUOVA PROCEDURA (dopo 15.10.2018);attiva;1004/2022;"2022";9.15267910611477;45.4837108778881;"(45.4837108778881, 9.15267910611477)"
"470";"9";"31";"14";NIGUARDA - CA' GRANDA;EXTRA-FILOVIARIA;"43";Zara - Testi;"3";N;ENEL X Mobility;"1709";VIA MAESTRI DEL LAVORO;VIA MAESTRI DEL LAVORO;"1";"2";AC Normal;PROGETTI PRIVATI NUOVA PROCEDURA (dopo 15.10.2018);attiva;554/2022;"2022";9.1965037120184;45.5193175032462;"(45.5193175032462, 9.1965037120184)"
"476";"9";"20";"80";AFFORI;EXTRA-FILOVIARIA;"42";Intorni Di Stazioni Della Linea Metropolitana M3 Comasina;"3";N;A2A Energy Solutions;"1472";VIA MONETA ERNESTO TEODORO;VIA MONETA ERNESTO TEODORO;"1";"2";AC Normal;;attiva;Ord. Viab. 2031/2021;"2021";9.1630830596696;45.5138677626365;"(45.5138677626365, 9.1630830596696)"
"477";"5";"91";"6";TICINESE;FILOVIARIA;"19";Liguria - Romolo;"3";N;ENEL X Mobility;"5207";VIA BALILLA;VIA BALILLA 18;"1";"2";AC Normal;PROGETTI PRIVATI NUOVA PROCEDURA (dopo 15.10.2018);attiva;435/2022;"2022";9.1820769960788;45.4467393026502;"(45.4467393026502, 9.1820769960788)"
"500";"4";"5";"29";ORTOMERCATO;EXTRA-FILOVIARIA;"31";Argonne;"3";F;ENEL X Mobility;"3339";VIA CADIBONA;VIA CADIBONA-VIA Maspero Paolo;"1";"2";AC-DC Fast;PROGETTI PRIVATI NUOVA PROCEDURA (dopo 15.10.2018);attiva;1024/2022;"2022";9.22713247752584;45.4535475188468;"(45.4535475188468, 9.22713247752584)"
"670";"1";"35";"1";DUOMO;BASTIONI;"1";Centro storico;"3";N;A2A Energy Solutions;"318";VIA LARGA;VIA LARGA 7;"1";"2";AC Normal;Aggiornamento ordinanza sosta veicoli in ricarica in via Larga;attiva;966/2022;"2022";9.1934609473714;45.4621031938861;"(45.4621031938861, 9.1934609473714)"
